workflow_id,name,active,score,score_plus_strain,strain,(V7),E8,K9,I10,G11,E12,G13,T14,(Y15),(G16),V17,V18,Y19,K20,(A21),(E28),V29,V30,A31,L32,K33,(K34),(L54),L55,(K56),(I63),V64,K65,L66,L67,(D68),(V79),F80,E81,F82,L83,H84,Q85,D86,L87,K88,K89,F90,(M91),(L128),K129,P130,Q131,N132,L133,L134,I135,(N136),(I141),K142,L143,A144,D145,(F146),(H295),L296
d4461df4-8741-4686-a8b7-1ad07c351926,ligand_26_3,True,-32.956743519971205,-19.587430120742756,13.36931339922845,0.019215006642214826,-0.10103873702963569,-0.044550514702670324,-3.359694347707514,-0.5071791799989224,-0.9471437405991563,-1.947289738447881,-0.30436738834891003,-0.07513965457089233,-0.04642851042729308,-0.14075280618981562,1.3923803760459301,-0.17296941602606888,-0.17651947466954518,-0.01596544464554119,-0.00870795196259245,-0.050232899437803936,-0.09309048723288942,-1.3210917387722907,-0.15293048638818407,-0.3754678938678594,-0.023051605326311994,-0.03508344983913961,-0.03508344983914071,-0.03508344983914002,-0.013240640814746036,-0.8425795977136291,-0.048963578223169754,-0.06168626071022048,-0.01973331030345167,-0.0030439956469664156,-0.06003305087506022,-2.2015056749133333,-0.3805334689457433,-1.9772433319131668,1.0248439723627314,-0.3957994911160756,-1.817273599518676,-4.821536314564533,-0.06337588141327294,-0.3931906066041151,-0.6747341714856434,-0.07991426256198957,-0.07224640324866115,0.049571213356641296,-0.4759745452386047,-0.20456831727652888,-2.7818538964159103,-1.241678994258989,-0.2836544501607247,-4.970874634433906,-0.09548931693336032,-0.03533545816859468,-0.01051829360488126,-0.07375399397448493,-0.09158743346124879,-1.7503428311356641,-0.07815712820801696,-0.08369586185063667,0.31511353659223396,0.3151135365922296
652c8f26-61bb-4cfc-83ee-e2dd4e83b48d,ligand_22_1,True,-35.428794578509276,-24.97385909257214,10.454935485937133,-0.0019696998267727753,-0.11238787712351175,-0.1565861758901979,-4.808655679157829,-0.5069283193447875,-0.6357246697670167,-0.8758215548311699,-0.17335659548574656,-0.06242286187884514,-0.031155285706849934,-0.15148673994106557,-0.9990526010825753,-0.1509620508104621,-0.2628002448510934,-0.014470204853990223,-0.001780854037178793,-0.03921196098635547,-0.06403829187043142,-1.1112731747298537,-0.12829979805229882,-0.7343598304406432,-0.02415091664997226,-0.062174558926546684,-0.06217455892654768,-0.06217455892654744,-0.03695647694512925,0.20381983547325772,-0.08306598674630161,-0.09491807264468134,-0.026750399088011217,-0.0046037697563558215,-0.024954728937810377,-3.0563755834249093,-0.24226502369904873,-1.4677768527868302,-1.059686716897313,-1.3712068402848496,-3.3471462830441685,-3.0280112148262104,-0.24545615178011979,-0.2652301456981388,-1.1073493184424374,-0.25269166734810167,-0.13849892293656688,0.07271234273995665,-0.13394880110290652,-0.16268982724056208,-0.44160869594096064,-0.7527371181379692,-0.2660339035287034,-3.9162262164782846,-0.14322612637229779,-0.0528778321474767,-0.017358036325859416,-0.09190118737577727,-0.08405013778274836,-1.5326490348695878,-1.916015778749919,-0.11657454416573293,0.5044668514408082,0.5044668514408016
c71588ff-f170-4fa3-967e-41eea00a163e,ligand_21_1,True,-40.354668550804774,-25.116205941090985,15.238462609713785,0.0167837927508361,-0.10748868821162555,-0.06513295915454645,-2.961015180614133,-0.4547253964840146,-0.8225832148482364,-1.4698224042209067,-0.2572577985022215,-0.06595193174284925,-0.04538224827850069,-0.14372156889469456,-1.4016422150165273,-0.17715203080047456,-0.15982905248041834,-0.017350356877865854,-0.0014441842688022683,-0.0500381489730528,-0.11652278235617197,-1.4323238860383276,-0.1861183426744365,-0.9549289496837166,-0.02987611259735298,-0.03262994612482618,-0.03262994612482789,-0.032629946124827454,-0.015907887052377948,-0.8126718311887454,-0.05373460950988332,-0.06779270897779824,-0.022972652614180633,-0.003990886995860167,0.07007758135165745,-2.5927177676613797,-0.30070165309216507,-2.127785760871731,-0.8163304759608407,-1.2891149439792813,-1.9476024146280166,-4.040254867675271,-0.1629136619762595,-0.2709224434597684,-0.9375877446772755,-0.08830153679170108,-0.030442070634593164,0.07863234610484526,-0.3943274267664223,-0.23118815480869298,-2.5854124132418543,-0.8091971860239843,-0.3133059927748695,-5.360028582500553,-0.11210445267518533,-0.04704948086923242,-0.012838666617891707,-0.07720372800792319,-0.08363409727736175,-1.5573522570291172,-2.7931292106980092,-0.07617818489651407,0.26636538600796233,0.266365386007958
91e6e0f6-4b8e-4da0-af02-e89bfb5b6f6f,ligand_1h1s_1,True,-15.15721142497019,3.9860089372065897,19.14322036217678,-0.0266220567605619,0.9836289042988737,-0.20529489058819317,-4.859598253973706,-0.3751009684584543,-0.34063601489795003,-0.5198382532829902,-0.11854741428849198,-0.0463320986833981,-0.03526331090799341,-0.18781349071039694,1.9429213414898112,-0.198441884386891,-1.5364231003357254,-0.02076127271096636,-0.005581245722130517,-0.07056273983314608,-0.07618397445220014,-1.3734170385551427,-0.14673148286787716,-0.38507682978567487,-0.022569911190570557,-0.06227375222411139,-0.062273752224107255,-0.06227375222410984,-0.043546405953447935,14.89108992922321,-0.10170887584942126,-0.10111615131165877,-0.03201075063033876,-0.005758815276548991,-0.010207058314620175,-2.9576805945556695,-0.31398374793069667,-2.833909884214606,-1.2818451482349305,-0.9626500853313772,-2.5954031960658237,-5.75552467207849,-0.1844672216049226,-0.05036986467977391,2.7382424895441164,-0.20397140619898577,-0.12846174982345573,-0.08697102889148858,-0.12878733332648354,0.0707615399986116,-0.7556747590027054,-1.1833730294928957,-0.13216384813779283,-2.2324507646259,-0.20909454668785252,0.01204119742186506,-0.016144216330597604,-0.10766483100972712,-0.08142219525404285,-1.6524848180570226,-1.465453137616241,-0.10642662546561346,0.33122371203562695,0.3312237120356248
f88a2ab3-5601-454c-b9bd-55d1b5ccae38,ligand_28_1,True,-14.225660683547343,2.2829142984632864,16.50857498201063,-0.03306501629899298,2.3518845410607128,-0.19138014341595636,-4.610292671353051,-0.36612095813845275,-0.31858388511950664,-0.5387810463923824,-0.1170679699256503,-0.04702729611768785,-0.036978800181203954,-0.2062487187698142,4.834062172631299,-0.20069231873862364,-0.9950730510574474,-0.020361896701253036,-0.003323788171586169,-0.0881235695075866,-0.07781059149926432,-1.3878836380713253,-0.15104772728779792,0.4881231015328231,-0.02399359432155039,-0.061995659638810284,-0.06199565963880425,-0.06199565963880755,-0.04566946470020528,16.689833351972855,-0.09544222727068671,-0.1032812166239305,-0.032201333094951066,-0.0060119378897015045,0.0733708938479099,-2.720660202570891,-0.6858478953834878,-2.9710926197320364,-0.9056312321948714,-5.045976066229797,-3.7819161385596796,-6.21927708375056,-0.16358985217600516,-0.2682396170216998,2.4974901723188077,-0.29793273633145967,-0.2340005491772734,-0.09099097121745857,-0.12866643556795906,0.07174358642437537,-0.9882672052240662,-1.2055347096893831,-0.1267792472284364,-1.9112798602214613,-0.22523646926992377,0.0107791103024964,-0.014232990879520064,-0.09045050062998626,-0.08213986539978455,-1.7627291801347391,-1.4064771607372057,-0.10237646119348387,0.03441363822372826,0.03441363822372935
dc6ed036-b166-4e1f-9ce1-3ad7bd2a0db6,ligand_32_1,True,-16.035329509805894,4.366073893851711,20.401403403657607,-0.019117804883976026,0.8718677980535365,-0.2282197517949335,-4.76669316653777,-0.3730787843057781,-0.33483100951800693,-0.541366187270689,-0.11824683719156928,-0.045991652733195006,-0.03587648085307544,-0.1886924820831766,2.7928646042687717,-0.197501847543715,-1.332729446471285,-0.019972021838243023,-0.004906554541276258,-0.06560238770251356,-0.07612311091911309,-1.4110151138612101,-0.15023996234828443,-0.05197836926188388,-0.02326333698093018,-0.06179496996455023,-0.0617949699645462,-0.06179496996454871,-0.043375018884199285,14.612222973434273,-0.10210063533267225,-0.10380853961150946,-0.03284015640721892,-0.005942412198930379,-0.021725647965509305,-2.9305982843334544,-0.29179922687745014,-2.4830917820422984,-1.2851808491708214,-0.5974352542722029,-3.137925614733817,-7.589721890090451,-0.21620484267901777,-0.06799166431931813,2.6156642420110376,-0.26235488656343614,-0.16133916132600912,-0.10402407103398807,-0.1317255388706661,0.08812951096427689,-0.6565018494616093,-1.2781245238987327,-0.12639309174430471,-2.067415376157581,-0.23428016954330091,0.017546463281981617,-0.014460172084827683,-0.1015916139126929,-0.08278309433004978,-1.6934447139635171,-1.6495598187829885,-0.10024228620067943,0.35559415175386316,0.35559415175386533
62e1395c-1717-444d-9f8e-6a755d408991,ligand_30_1,True,-36.03889634733754,-22.433523203495533,13.605373143842005,0.015709684865216,-0.10483210375844906,-0.08617909283538956,-2.554790854571258,-0.6172893867143832,-0.5731592915794774,0.4294714088257893,-0.6686789549721962,-0.18348934183287502,-0.0427279606170625,-0.1811248509072988,1.684319386914085,-0.12337223018370462,-0.07688677237349495,-0.011205093720096922,0.000915656222041726,-0.025101811534572003,-0.059744367354984854,-1.0438084959096685,-0.12428712637002055,-1.269908321176336,-0.024776443006418365,-0.06919487966951246,-0.06919487966951293,-0.06919487966951483,-0.06397102811492279,1.4638697494811606,-0.07374692587809727,-0.10876344093703756,-0.026200241017256383,-0.004233835416253624,-0.03479060956745593,-3.712881837950781,-0.25728005293813655,-0.5149134805915662,-1.2523669191251248,-0.49078842183059707,-0.8001404830846596,-5.388154045842964,-0.09905127608638341,-1.2880265041367067,-0.9213731489803144,-0.08975708671719616,-0.06723992542205533,0.11194004927910921,-2.0729904019430427,-0.32772576394457104,-4.6899982493410866,-1.4469719991639804,-0.287598160674152,-2.975367863528436,-0.06136888269668246,-0.05510045782565075,-0.009323577233762613,-0.06981694655318751,-0.09585705939788325,-2.0568233853726987,-2.9013259324824205,-0.13050733650521398,0.30414006790074233,0.30414006790074016
9d2f6198-e14d-443d-bd6c-228e50ee6704,ligand_26_1,True,-36.87701271433472,-29.044329210986763,7.832683503347955,-0.00648978380079922,-0.3559499916936169,-0.15061090599173957,-4.974927453925025,-0.46728020095139267,-0.6636713341128976,-0.8532972631469445,-0.17494607867517545,-0.0427113803948838,-0.030610647207218605,-0.15872105343801973,-0.5647942613915393,-0.1613091292173747,-0.5819069673257776,-0.018516444365370085,-0.002367066484910996,-0.043671390915935845,-0.0701914043214118,-1.1256269936970742,-0.1321132546611341,-1.414692480340555,-0.02307525981579804,-0.06291864096935534,-0.06291864096935669,-0.0629186409693572,-0.04595289239153319,0.10531085269292048,-0.0903575209139094,-0.09678013557205084,-0.027161047320609973,-0.004591131723120765,0.03443517806924197,-3.3979056437043003,-0.31927116645532533,-1.5547834226495505,-0.7203677850400191,-0.6131398200244405,-2.2062331468139416,-8.624730265722919,-0.18078954282691362,-0.2873775670071513,0.4606677230612242,-0.20639526078518314,-0.137134566813243,0.08556468354126864,-0.2134375762629793,-0.16799301240585465,1.2389983871981776,-0.8991538822807095,-0.2864572212603743,-3.3654174888315262,-0.0908803375436979,-0.0572268991904835,-0.017352875335958397,-0.09985902046377186,-0.08825155995086077,-1.3820558246494454,-2.192895622789415,-0.11301653087482104,0.44560794874462784,0.44560794874463
709517c0-5290-4049-9c73-57c19bfa8bc3,ligand_29_1,True,-7.180601550802583,4.774270154159875,11.954871704962457,0.0074390205543883505,0.0802000593226138,-0.23546411086597044,20.905378513221766,-0.7615283409112558,-0.9076501279857493,-0.9557828764262287,-0.4564764561200201,-0.19001818080242852,-0.0709349201516187,-0.16695596502413432,-1.8690962228480128,-0.22286365655921783,-0.1983917291588048,-0.017919433974522385,-0.003857735082874864,-0.051398872864038554,-0.12059984060494965,-1.633408431370259,-0.2726469535587249,-2.891021208293039,-0.04678608647084454,-0.07173455354765483,-0.07173455354765716,-0.07173455354765888,-0.06263028423688571,-0.6536520172166362,-0.12075082224558097,-0.11906285923158635,-0.03677369529137795,-0.0061747206362569905,-0.04546912368351745,-2.926573007761205,-0.4745117126317198,-1.6637488309043948,-1.292736893731342,-0.7146337221017436,-1.0086375111937629,0.5775443904544686,-0.10556522491449544,2.7924282184781095,-1.5063328772861309,-0.07383636187541681,-0.04304025375907263,0.011992034374958629,-0.15313086399351017,-0.14534959652132406,-2.801419903293641,-1.5054093046038741,-0.2795774946885525,-1.2212428242042983,-0.13370582184835883,-0.02792538035142658,0.018099281631456417,-0.09004597407449975,-0.23876604601307388,2.3279727169118183,-5.824546861082478,-0.10712818713630617,0.38436360023751454,0.38436360023751676
8b026580-6c0a-4014-8bfc-60b319fb53a7,ligand_31_1,True,-36.627524959033884,-23.971604990597818,12.655919968436068,0.014321932271659605,-0.08547012043147548,-0.07900972540686563,-2.4097063839370514,-0.5646254077473801,-1.0170574775667094,0.18265927680929836,-0.6627624563420579,-0.12824497746848224,-0.044360295973022025,-0.16558953068225102,0.509444333581437,-0.12419620396592045,-0.09164248241272539,-0.010840850936553716,0.0007875940503911747,-0.02560255356753828,-0.06365535617892415,-1.133566535675849,-0.12761824975649427,-1.8308498509695903,-0.02394021797450002,-0.06806633488790927,-0.06806633488790935,-0.06806633488791158,-0.07990281363812725,2.7748754687657247,-0.0829054118453196,-0.11140000157122945,-0.027248403994649534,-0.003912929795367081,-0.03759470242414938,-3.809759912071997,-0.23467473702677843,-0.5616771018059988,-1.4228021953771015,-0.6673370468250271,-0.613501937137437,-4.486055108895347,-0.10773799945696641,-0.9194611069470385,-0.8741378873168615,-0.08002636996248226,-0.05372191931723797,0.1273937104315206,-2.5109817652941793,-0.31969121793591226,-4.54466763764095,-1.6439892082136878,-0.30484014760769346,-3.1989217725946206,-0.07132217663355203,-0.061712905155202356,-0.010802762397359528,-0.08106103662282907,-0.09811851274555707,-2.011883976851557,-2.8209072807571243,-0.12091633244660158,0.264802362509532,0.2648023625095298
a38f5ace-e180-4cdb-a5e9-c94a4db0e942,ligand_29_2,True,-37.50689009152547,-16.466581487471064,21.040308604054406,0.014847904931953548,-0.10655516963707817,-0.08463714365670615,-2.709978264634415,-0.6416460655198939,-0.9656392851146447,-1.4551636209753007,-1.6172743603262212,-0.21454386474541318,-0.04997956106172251,-0.19637761566715228,0.7563192709988861,-0.12530005581070483,-0.07697243778606257,-0.011582165156211141,0.0008674397947971252,-0.025606295542038214,-0.061430576164607405,-1.0551795388152865,-0.12350086217836231,-1.5291592247729138,-0.02420614300152358,-0.07281417802714767,-0.07281417802714776,-0.07281417802714958,-0.08814189453698132,3.718725234559373,-0.07954572307458313,-0.1136588105036982,-0.02614894301483325,-0.003739878944651513,-0.033553174896407384,-3.731184409264807,-0.2797039564465808,-0.5340154283445872,-1.269174997774081,-0.46854447421939677,-0.8847917428488155,-5.468531406571754,-0.1048376097594713,-1.4051825480257065,-0.9300388557758462,-0.09321918024320706,-0.06763481081074228,0.09991568867366613,-0.8752137699393346,-0.31652204129907274,-4.850788084730193,-1.434688443629327,-0.27803080069421904,-2.612574008265534,-0.0635280574417424,-0.050288030414230044,-0.00997562364935757,-0.07378145320303023,-0.10195142633768953,-2.1118805725955476,-2.947092656160049,-0.13391745162296242,0.3187447096009607,0.3187447096009607
d76a7618-293b-4792-babe-c82fd93c54c1,ligand_29_3,True,-28.63276643819232,-16.39833932470172,12.234427113490597,0.1401976836339483,-0.20575705976116593,-0.24773043455023463,1.7438669602753156,-2.388776977018955,-2.7137961390175396,-1.5495350965447083,-0.38816514845577615,-0.45470111569256566,-0.0551398234716795,-0.17366470027108755,-3.485198715326067,-0.17269927370325347,-0.1573273921208169,-0.015880130908531756,-0.0004432258060656297,-0.025883356756304113,-0.06634004467764601,-0.7210832130947021,-0.1047850828605362,-1.5883327982748663,-0.020761668732969574,-0.07535456901063604,-0.07535456901063736,-0.07535456901063724,-0.03231783763371601,-0.09073714214046012,-0.061161685437517765,-0.09445707228676056,-0.02669653965258061,-0.004753914127239544,-0.03649934730181057,-2.623682677159326,-0.1455672880427915,-0.969069165675172,-1.234818966098987,-1.0569137278485583,-1.2785117445618384,-1.2073171316858726,-0.12981030772945185,-0.6979170497097908,0.25325653459535846,-0.11242566658482167,-0.06847027639068852,0.03307865602067212,-0.24089728388083306,-0.13732849047756907,-1.9011466162214425,-1.5569490519321327,-0.24324619990246643,-1.6803456321198051,-0.1557714592870047,-0.034254982905260266,-0.020569452048251013,-0.10568877209973744,-0.0876409175382358,-2.2713864859843014,1.0893579037991843,-0.13385176859536047,0.6548727903101365,0.6548727903101321
16a95e0a-b116-42eb-96b8-8ede4a1e2729,ligand_31_2,True,-25.0637644804941,-11.534493175538039,13.529271304956062,0.00011630492580549847,0.005536697010804633,-0.13910935349755682,3.1594022949873706,-0.731755399440532,-1.030091609072393,-0.47996131351383453,-0.5455537705697375,-0.24023263568562817,-0.06717075208071863,-0.15743734103809143,-2.3989444336716006,-0.13790352573739773,-0.1253115167981413,-0.013976971480279946,-0.004619300427237213,-0.03250534981086911,-0.05543829520880532,-0.8226859924242474,-0.10398447499212654,1.7571527993486775,-0.02611129734099624,-0.05642215808570502,-0.056422158085707025,-0.05642215808570697,-0.07455752945480504,-1.6593991430175854,-0.08343488532145237,-0.07931439447202399,-0.02002160021456112,-0.0025875587957669096,-0.031370669712525175,-2.3216157593325595,-0.27815460173810175,-1.1091058870482224,-1.73054046274477,-0.9193948382552106,-2.105417476529903,-0.24895035902065066,-0.11931831897798695,0.5201216670177439,-1.052790550516483,-0.07717019296189342,-0.04422384008858086,0.010721840785630299,-0.23355013497241595,-0.15953381746590417,-3.170916524098153,-1.3996939424816506,-0.28101195011252805,2.3951595629487863,-0.18017327054280946,-0.034238516162875175,0.006731156988698404,-0.08628061098016239,-0.18353852557763348,-1.3750866973726512,-7.627715814867048,-0.07415412609805414,0.5633075007372197,0.5633075007372154
acbf6639-492a-49c6-8f89-8be5fd1d7bc9,ligand_31_3,True,-34.20875754298769,-20.077757071411458,14.131000471576234,-0.015574503251273755,-0.21324915743478012,-0.10807610261820785,-5.491823305479206,-0.5123246643228987,-0.5275926398800257,-0.8525310012659896,-0.15817231098579265,-0.05333014226621404,-0.033241573499173886,-0.12215491600479107,-1.505321617991475,-0.19580840821888723,-0.2337171882757119,-0.021203486220969014,0.013485901536089672,-0.05477692573864965,-0.1991483006011726,-2.2717707149481163,-0.16729732889340782,-1.5452875045746302,-0.02695470590206804,-0.040422916841683004,-0.040422916841683934,-0.04042291684168391,-0.00044296286086088397,0.425257654000588,-0.09874248390113151,-0.09056449033476778,-0.03960611221069377,-0.0065625768177239,0.03795905475350267,-2.7565710978853386,-0.7718990347351207,-3.3225375471722756,-0.19806251577276565,-1.4642283043082855,-3.0474665431059775,2.661481071622476,-0.12168030213168618,-0.222058014587882,-4.66511659742892,-0.1291005918441029,-0.08234207374373176,0.07968732090785824,-0.20906944858865048,-0.1522626975932327,-1.081309020273928,-1.2692519060223153,-0.29438094680451865,-3.633847444683378,-0.13061906143062144,-0.036019349719609864,-0.015359461477379498,-0.09369526332130733,-0.12748390466075146,1.3326767799190449,-1.1271762173473512,-0.06274678900392404,0.4607613414697877,0.46076134146978986
701dcc4b-19cf-47ae-870c-770a2047dbed,ligand_30_2,True,-26.294220401353087,-14.108341938848545,12.18587846250454,0.0016327973247822222,-0.02856999589881786,-0.09933194135588734,2.0010659746145563,-0.7353891762888847,-1.0949883141120822,-0.07229167372140909,-0.5754548078546813,-0.25838764614654997,-0.06773050532373882,-0.1532073877501098,-2.9636314781659765,-0.1493129464606314,-0.1277238749394559,-0.014460216886064239,-0.002288635315007308,-0.028407132013624083,-0.06775375808578907,-1.1521203793046373,-0.1563918742969633,-0.3424647555090261,-0.03122477417971044,-0.051694018222496266,-0.05169401822249805,-0.05169401822249864,-0.1012602337023981,-0.9151724730302431,-0.08545974380796234,-0.09132271480065488,-0.02298828913519466,-0.002978244704091372,-0.04704811308433643,-2.464488525123313,-0.1928999680282349,-0.9209971152007541,-1.6282391777161997,-0.8610917348887185,-2.232421762317676,0.22128372553667644,-0.12133529916971006,-0.2202936749103591,-1.087131091853003,-0.07589904626908144,-0.04358938119111287,0.014721977189812442,-0.2599436600731543,-0.16888372209856503,-3.3336327857885864,-1.527846708739488,-0.3026999222963834,1.2768240756314262,-0.16509382200617145,-0.028392551548889415,0.008492204596357515,-0.0731502786627052,-0.20509121908277989,-0.6059070572311501,-4.758790152264489,-0.07889608085961546,0.5404583608073428,0.5404583608073384
46f0079d-982c-4eae-bc3c-000c246a6f05,ligand_30_3,True,-13.620109974120673,4.4950761277841025,18.115186101904776,-0.03298134690816753,1.8963590942181368,-0.20760696099673268,-4.780481888024504,-0.3976164892040358,-0.3646015253006519,-0.6359457714789598,-0.13771950020633256,-0.049899762185050565,-0.03563561603324248,-0.19524852065772888,-0.2558228074559907,-0.18832343286741932,-1.2461711346551725,-0.020118063898466425,-0.00498972747407971,-0.06560658427059382,-0.07190230871457212,-1.2902378775332035,-0.14192205312144646,-0.5416992999262049,-0.023063910189470897,-0.06879586061447904,-0.06879586061447593,-0.06879586061447807,-0.05000511703606677,11.5874942346852,-0.10477051474238915,-0.10549619626485338,-0.03192113720032129,-0.005760936087839498,0.021823483813227157,-2.952533515212344,-0.28724438112588957,-2.236859962470433,-1.4095518859582297,0.6061848504345024,-2.146112982013426,-7.258467930595724,-0.23086249705515857,-0.019780352669577613,8.143998948597863,-0.25818574095435254,-0.15848341115373074,-0.06777625644620204,-0.15031187334896437,0.03802619500260124,-0.08926819771513927,-1.2655616023912197,-0.15981189631238904,-2.9567970147158817,-0.1868743638462586,0.0003685647630330269,-0.017314039785810836,-0.10911574210419636,-0.08464111906675245,-1.5530971976055021,-1.9106674711099594,-0.11629917770321879,0.4515946650010303,0.4515946650010303
37a48de5-5bde-4544-9324-f1e9066f9c1e,ligand_32_2,True,-42.07548131817831,-22.332312247858418,19.743169070319894,0.002601197325919473,-0.060687100231711553,-0.12944535156981538,-2.670132151430926,-0.5222268296888332,-0.4592717386991171,-1.27135750396507,-0.26869095540767224,0.0618870039199208,-0.04865054118578692,-0.17706643878203604,0.2311749687733425,-0.13121709994362019,-0.06812638298359595,-0.011887771977627158,0.0008590966141663666,-0.02829453313088552,-0.06400162925227464,-1.0742389420115268,-0.1261795719573339,-1.5556515779007207,-0.02424197631500155,-0.07197803740480417,-0.07197803740480523,-0.07197803740480666,-0.07033667407373528,1.9394332924282678,-0.0729269782729637,-0.11100364602187396,-0.025999900982985744,-0.003941239106246996,-0.013861121637089361,-3.7044187675115374,-0.2990435951330453,-0.6123040380651872,-1.6022552736290685,-0.6290734512236201,-0.9460009879425884,-8.988727025776479,-0.11853016376183811,-1.3029769787777512,-1.2489738547103342,-0.13378739899659123,-0.10280102987634479,0.11866382787047161,-1.9388584281010457,-0.3266725811053752,-3.984759412854825,-0.5251696883534971,-0.2924199840182911,-2.6516993269687292,-0.0709997701154861,-0.05472119442177847,-0.00895663710105401,-0.06643456346650646,-0.10550737531825329,-2.187396048692754,-3.178266110850935,-0.12917982674530706,-0.0073977114247152104,-0.00739771142472392
78facb8f-997d-46ab-b821-9d6d163ac3dc,ligand_32_3,True,-38.145132240265,-20.28288255780069,17.862249682464313,0.0017758090393439866,-0.002164092333250044,-0.16279262938109498,-2.5510408661151054,-0.5451066784354501,-2.6994995351707125,-2.7029147578521724,-0.2504656931529048,0.157455321482437,-0.04836164440321671,-0.1791382546575969,0.21372650354912667,-0.12174171484287118,-0.08236241050326791,-0.010726201768810655,0.000728950042944638,-0.023654067867105527,-0.06021309715563489,-1.0466642961853574,-0.12324324025695714,-1.718177365413477,-0.023622988836600536,-0.07148634748647824,-0.07148634748647811,-0.0714863474864798,-0.07871977050388898,2.464840655810843,-0.08660058262338693,-0.11190345764860621,-0.0269380614813105,-0.00412021171204354,-0.04893746184575065,-3.7379941295310415,-0.24557102866452526,-0.4906546468421948,-1.1731742938473537,-0.5063476709650236,-0.7186419805381773,-2.0154727145153863,-0.10085977670558562,-1.0382143059302182,-0.812839140717112,-0.06976843172998046,-0.0447509102328139,0.07252325081104408,-3.1059735127036388,-0.2647300985681421,-4.0429428525087,-1.72544706582188,-0.2886486726162847,-2.665451764237241,-0.08151884253147872,-0.04988380741098736,-0.010584273148271641,-0.0839804948953288,-0.1009785749756084,-2.0465190763796013,-2.646021825028904,-0.12377400876751381,0.02906464570912549,0.029064645709123312
db888592-6703-4e9f-9b75-a48c65a964cd,ligand_28_2,True,-33.198784820634884,-19.59099229512815,13.607792525506737,0.021680976577921052,-0.1197630405671197,-0.04880263897674103,-2.42986842810064,-0.7180089532007983,0.36879295434069925,-1.9141680759644943,-0.8652647325106546,-0.2650593684196749,-0.04606857281562592,-0.16719871004110437,0.9977442323571896,-0.12574787178842373,-0.08762586089383693,-0.011349363990738957,0.0015838081235726492,-0.024118603329037005,-0.06659864534227514,-1.2081911078868974,-0.12926210904274882,-2.1262905873174263,-0.023334335379051562,-0.06206167185571717,-0.06206167185571649,-0.062061671855718696,-0.09174185298431238,4.1867739117024145,-0.08687653481231188,-0.10760178443587302,-0.026488067049933433,-0.0036672459019274793,-0.04906653865815569,-3.821738103635256,-0.24652259269168378,-0.5219809426624027,-1.2669577151083757,-0.5677312106454231,-0.46854666093886155,-2.9030224835796736,-0.10309052303979703,-0.7259316370786603,-0.8731975448038034,-0.07643266056202061,-0.05182293771371746,0.07770314659139624,-3.122723204393691,-0.27388362568553914,-4.415644019743587,-1.044249731415925,-0.287081651267354,-3.227480331256175,-0.09186510165633176,-0.0505456189606143,-0.010851633056617457,-0.0869023904129215,-0.09877234801515328,-1.9921824891330508,-2.348147288998387,-0.10676652673106792,0.4296775839174561,0.4296775839174583
3fb07dae-b23c-4f6c-b60b-a43f266d281b,ligand_28_3,True,-2.4011845802008778,16.206651629369546,18.607836209570426,0.007142561941427503,0.10722447895764584,-0.26551604159204517,21.21906192578383,-0.7022934525018291,-0.8702070825377589,-1.0047579947505998,-0.42863384801378995,-0.16638169959306226,-0.06630105519815307,-0.16018655159139764,-2.912583118100255,-0.18136478993930247,-0.17486466654979807,-0.01676720331401527,-0.0027262431565887517,-0.04743757280661375,-0.11023560037995352,-1.7730410638350682,-0.15182143464495962,0.19598598511593263,-0.028489687163570695,-0.060957533007104575,-0.060957533007107455,-0.060957533007107975,-0.08439984572803419,-2.0001728796892286,-0.128431329173059,-0.1056496579257888,-0.03683469219379732,-0.005928496673721366,-0.07443370132536525,-2.345020911294456,-0.4925465215716351,-1.663305036507863,-1.4333425780907219,-0.7161427525273647,-1.025738368881608,-0.48442429535369114,-0.10814344859515998,4.111128752043458,-1.1166253130444133,-0.07089855949215708,-0.03907865582194868,0.01845996000468464,-0.16897175002804304,-0.17386413529398878,-2.7378623177823025,-1.5677263362032103,-0.2643937222372704,4.015091709030046,-0.15500960461315325,-0.04692816697812072,-0.02882433100942835,-0.1705433457344359,-0.10328307427782402,-0.25062141030711604,-6.169039129159729,-0.12551823624509595,0.5324521776854885,0.5324521776854879
a41833c1-13dd-4949-a9b0-8bf083f3ee46,ligand_1h1s_2,True,-37.138111965257266,-23.72245670821112,13.415655257046147,0.0002346503298588361,-0.011658310461194156,-0.1323652351979667,-2.541732904923149,-0.4400429081840154,-2.0661931884604843,-2.1178657550821685,-0.36016719796473556,0.10951601142316722,-0.04941285278127631,-0.16978968040924317,0.33101528996567753,-0.12483793918825177,-0.08799613643683982,-0.01078510054591675,0.0008364357689714865,-0.02499629203412504,-0.0638202642668361,-1.1317853117073602,-0.12898830577290815,-1.7600633199376015,-0.023905976683797098,-0.06806838437865505,-0.06806838437865523,-0.068068384378657,-0.07852235610541888,2.443039193632154,-0.08674756959048645,-0.11220638335774173,-0.027535843052956012,-0.004112664442035436,-0.04593968108909195,-3.809795519025831,-0.2433587048441749,-0.534436326569045,-1.3468012513804941,-0.6144001041618525,-0.5026451626545593,-3.600494671691888,-0.10709988326455866,-0.6816599373174049,-0.8086417936326208,-0.07342232708487324,-0.046721325732719525,0.08170544879360732,-2.692889048939229,-0.27381875976473763,-4.267643993263592,-0.5853599020696528,-0.28966823110344725,-2.8144036652962328,-0.09218334594740013,-0.0518070670319927,-0.010587486139856616,-0.0839047916257733,-0.0994270817067696,-1.9563120945726833,-2.73619318427727,-0.1142990121535315,0.06959600344650993,0.06959600344651211
b58d0df8-4a97-4866-8c9b-e9b201ca5a85,ligand_1h1s_3,True,2.648967371269263,15.789704145636344,13.140736774367081,0.013765035928735644,0.11032917925013247,-0.2536671310061055,24.82310053760667,-0.7960895436386711,-0.9804317730522998,-0.34114676100379526,-0.5170181106023498,-0.22867745008716459,-0.073836328028858,-0.19059245411652814,-1.9820243274403175,-0.1756425211258528,-0.20402014120749887,-0.0155050273887802,-0.003478312383677986,-0.03775921548756719,-0.08388450557681446,-1.1997022830490094,-0.12837246168549726,-2.5395516384621857,-0.03259873919441568,-0.09271597729167452,-0.09271597729167716,-0.09271597729167821,-0.061576184608708937,-1.2196757889714893,-0.06202470008518322,-0.09426157150091914,-0.02620760009353464,-0.004430433918285521,0.005523740932473712,-2.9429071438109866,-0.1933105853897244,-1.5283990276577437,-1.3047889728986015,-0.6243570976407925,-0.8754904747251806,1.0439185741558745,-0.09044876681549766,4.862863348268958,-1.5865827576020337,-0.08297283298841641,-0.058047602287691714,0.013410652057541403,-0.14197243682409583,-0.14978517252569792,-2.77820745461197,-1.4213823180789176,-0.2584571444548024,-0.29068507372880986,-0.11375935955983181,-0.024274616368254162,0.005054014018845631,-0.0548998965103599,-0.21560698058947184,-0.4803897272554534,-2.113644977871456,-0.18705232845249092,0.4093739866438896,0.4093739866438893
9ee2c53b-2281-43ad-a163-e8f6f174b8b6,ligand_1h1q_2,True,-39.0836843777073,-25.254748316650453,13.828936061056845,0.0165800608481494,-0.10133250648857108,-0.03856507790771972,-2.9536244757112953,-0.4450115744749352,-0.8484271152425741,-1.4127666111418313,-0.23795369889607898,-0.05746495653200238,-0.03810360482888566,-0.10978863993483556,-1.0704934941430704,-0.14529167602727186,-0.11076821927483921,-0.012738568924784052,1.606040107248592e-05,-0.029056732318406983,-0.07118865079900427,-1.1722019571468396,-0.1569629525184547,-2.0690591492953563,-0.02559064265035885,-0.03874989913483107,-0.03874989913483275,-0.03874989913483268,-0.016859412134660627,-1.102460120307251,-0.06136046824309395,-0.07342825889297767,-0.02236480171895635,-0.0038213301290287737,-0.036199579529264427,-2.778249636330874,-0.16128616016671163,-0.9027671121323145,-1.4554816896330087,-0.8904152037332034,-2.1987854117998586,-3.4056775070859615,-0.1298655689120425,-0.21934964379926658,-0.7022996587866426,-0.0699171483373053,-0.02814958612387508,0.0764164723603307,-0.3351730983353506,-0.21540915779573833,-2.292704712145474,-0.9748830031446152,-0.31236388563832634,-5.35296119447707,-0.09808975277782847,-0.04021017282501817,-0.014478999339475879,-0.08575982458062936,-0.09043753397816133,-1.9565140982172076,-2.417434100386662,-0.0817792166753056,0.28644003922893363,0.28644003922893146
dffb0208-7591-444e-a1e0-814c76f3ae24,ligand_1h1q_3,True,-39.4218530552446,-34.08409736149233,5.337755693752264,-0.0018115164089370771,-0.08614606500695643,-0.1272009720725912,-4.246103289162798,-0.48686729519982774,-0.7183637208670061,-0.8510853177931755,-0.16956144465830641,-0.045210017920895816,-0.02991057582017655,-0.1547421759453012,-0.6973338605460805,-0.1411586090387925,-0.16164971320257288,-0.013837255042717128,-0.0008195395891958581,-0.03309333469023748,-0.0643260605746283,-1.1267881812547054,-0.1285035612730575,-1.501274018801347,-0.0229031109041399,-0.06229219773594398,-0.062292197735945506,-0.06229219773594601,-0.046373978116971644,-0.06818136479021995,-0.0867032141553307,-0.09711365060474339,-0.026568567734394744,-0.00451707231702978,-0.026478652551887256,-3.3547163934533213,-0.2833790865028716,-1.1764260585238366,-1.119406180680341,-1.2795331205014806,-2.45852209779466,-9.547937431296333,-0.1605700448138729,-0.35487754624401413,0.2239278510660191,-0.21775480821409177,-0.1595817863691232,0.0703846599368694,-0.1769363672654228,-0.15722985152686403,0.11141400938125297,-0.829709802266661,-0.2636595711858332,-3.454178500484593,-0.10663573457058338,-0.04998035363000175,-0.01578803249300845,-0.08910330674158813,-0.08935769237904115,-1.4967605952787089,-2.114428055131854,-0.10979285795835894,0.295094214464776,0.29509421446477163
fd6c7e99-bc86-4f30-a307-0468bcde55f2,ligand_20_2,True,-17.818101896828082,-3.7853131723101354,14.032788724517948,-0.015998047400135794,-0.013221401148436191,-0.13725182247704978,0.06092216651007503,-0.5247790114684687,-2.1647701064682074,0.46831882155610943,-0.2181601222061663,0.011873613374723143,-0.05080410167960243,-0.13664500296888335,-1.9621357219633317,-0.14092705497463293,-0.15713113305241258,-0.013287053198006238,-0.001667393720182565,-0.030912199663469024,-0.0615327460938745,-1.0152791577489757,-0.11578385232637532,-3.842836015116229,-0.01941342161569147,-0.1270385107090131,-0.12703851070901423,-0.12703851070901484,-0.018753161645252082,-0.7289469755953869,-0.08553615054275361,-0.11231601778168747,-0.02624317765104136,-0.00495390668070626,-0.03700376082226562,-2.8064078443728566,-0.25160108280532,-1.1569627063645964,-1.0989293117174863,-1.2338190079171805,4.5526130538900045,-0.5902656170027631,-0.129650940695038,-0.38567266044503196,-1.9321892066305904,-0.10050106833023861,-0.055412817808832816,0.11742189406091344,-0.1726223710466956,-0.2373659948270916,-0.8632581897074517,-0.744230353663142,-0.29020687337422746,-4.179913399775729,-0.10945406540730343,-0.056115268902196494,-0.042096596113686456,-0.13203945719972998,-0.050967153005348584,-2.511797735528006,7.425587550078383,-0.20668111284451773,0.4503629436615106,0.4503629436615106
d9162375-4b55-4a50-abcf-8176fc42c2d3,ligand_20_3,True,-33.50384723395168,-27.61906206674194,5.884785167209743,0.0021768505593454225,-0.11037032136923167,-0.14001872055386003,-4.223473653384299,-0.45655966345648824,-0.6531481792870119,-0.8591447945740822,-0.16830708942862085,-0.03522476193611868,-0.029297699052187855,-0.14323276122819703,-0.4130554699295905,-0.14164514630919356,-0.16334424199675562,-0.013709416871970071,-0.00033611893775104353,-0.03382600567146323,-0.0649835381858853,-1.1413213484020233,-0.12954604185389818,-1.6944483126841536,-0.022518044692027183,-0.060578300314894855,-0.06057830031489578,-0.060578300314897096,-0.0515395813496357,-0.06049691994696927,-0.08269909572374846,-0.09722329099268323,-0.025961661917272543,-0.004224034557740172,-0.033925831296890245,-3.5041944858383305,-0.2990440384666753,-1.0486610719248886,-1.2355004315297988,-1.7838259610173572,0.9645412413111429,-10.095792426466614,-0.16726636488429641,-0.3467191359880044,2.0347382330547896,-0.26118836877346885,-0.18941112649265854,0.07634798829864811,-0.23934905550309185,-0.16541569091223654,1.6693720996512955,-0.9105320520629455,-0.2881957656945795,-2.967661877221469,-0.13331108145541357,-0.06290106078272006,-0.013809157439184296,-0.08073413445444602,-0.09243258530817114,-1.5315654523089894,-2.255911966706122,-0.10466719429848745,0.3511917426187481,0.35119174261875025
37d0fa88-2cb4-4004-8280-64f3ff76ceeb,ligand_1oiy_2,True,-32.48033891584522,-17.865694898334453,14.61464401751077,0.008328631730704524,-0.08689408645356721,-0.0685911891220893,-2.6484235556668096,-0.5420930464935547,-0.6851647510408526,-0.7305955469197211,-0.7716267196846865,-0.18998486058600597,-0.03972373038876999,-0.13705993791066368,-1.09180020875138,-0.11998948041163163,-0.101533384728838,-0.010435754606168315,-0.00016015583811178886,-0.02477101177333162,-0.0588891810766665,-0.9663118532567225,-0.12017437083454643,-0.6153459718454736,-0.02498205733744112,-0.07974026609338052,-0.07974026609338157,-0.07974026609338242,-0.05500719022590993,0.47619992852915427,-0.08951875121912843,-0.11091836667051808,-0.028884857641348512,-0.004903711274173689,-0.052061487014743627,-3.4604111066066143,-0.16130769289924338,-0.6235940352476385,-1.2404718931146996,-0.8501869112428553,-0.4193553348801368,-2.5091554471512643,-0.11472874340637693,-0.41749541929851064,-0.7251009902326627,-0.05588355305265363,-0.02405510249168914,0.09379788322254239,-0.8183222925027519,-0.2817798819636371,-2.9216027800641386,1.6884656222754129,-0.30186966488197187,-3.6881065852169774,-0.10614727473262771,-0.055464223920565645,-0.017015488362330525,-0.10203825795248211,-0.09519499408151577,-2.107528766127302,-4.856041595421209,-0.14774912939512683,0.4842710998484763,0.48427109984847416
29193075-ecaa-46e6-951d-a6c0b779b7ad,ligand_1oiy_3,True,-15.826154488188331,1.2053974129699816,17.031551901158313,0.001491930612745192,0.04012215239512242,-0.17638827390752498,7.7690895417182535,-0.7481340039935382,-1.033264680531784,-0.6941333417236895,-0.5140783310725171,-0.2261029374346934,-0.06221139779627207,-0.15872571490828488,-2.7565981064728926,-0.1553955336678546,-0.1492835995585402,-0.01481117307407647,-0.00588819533617632,-0.036322898769586755,-0.06057950568017897,-1.0182823496083941,-0.10678722413113069,0.6228534696754918,-0.024341287266379352,-0.04956170071236603,-0.04956170071236815,-0.04956170071236878,-0.05037369951985558,-0.9470445057487354,-0.07030758467893246,-0.06870559041337365,-0.01829569901663233,-0.0024532130008359356,-0.007848946924615973,-2.025503855957988,-0.259409702019834,-1.3409404459630787,-1.469397042098245,-0.6955543920899911,-1.259165774315848,-0.747046471471306,-0.10642648098056519,-0.06181600102972713,-0.8984429296153111,-0.05965867157289934,-0.029651864126340004,0.01208125610081235,-0.20808304699507682,-0.14439992735163565,-2.918670516633574,-1.4442141337142216,-0.2707371726816569,2.6031244359509285,-0.13732394201216497,-0.029390880390466445,-0.008523745532734994,-0.1190230468144215,-0.11427302406106686,2.2283834812740135,-6.500809546826174,-0.08823546286160404,0.5442201087867189,0.5442201087867178
d19c4571-0344-4207-89c9-e89f56209e6b,ligand_22_2,True,-46.775016670271015,-33.46118206807988,13.313834602191138,0.06356027589291809,-0.17190196299874996,-0.26553769772637137,-6.073051964143676,-0.9392755181090707,-0.7482198129115215,-0.39723598396846665,-0.040342501326010256,-0.029174860258765388,-0.03159426382467092,-0.19425482096239924,-2.3267962714323653,-0.20503781776149355,-0.35165254025986503,-0.021262856923597803,-0.004107167346434992,-0.07661978006011146,-0.14198511102403263,-2.0919102237345024,-0.12327446704950652,-0.44211106715867077,-0.012688240473502506,-0.01317385371692352,-0.013173853716924802,-0.013173853716923698,-0.005542833927232931,-1.0764224542386207,-0.08260804206194008,-0.050001931866966776,-0.030905610335795666,-0.0037924838880191757,0.3148618467347749,-1.2750171252665403,-3.4909524258501095,-3.9480810250413922,-6.75024065821842,-2.003655908079161,-4.16000414077415,-3.057308686415182,-0.2697663965941295,-0.10740597548711509,-0.6099786011297026,-0.19643647629523547,-0.07060404358214509,0.05397059089595947,-0.08219698868775757,-0.12364599242559117,-0.5296251913072546,-0.46376244765966823,-0.2312669499114599,-1.8067343057599,-0.19278872431351998,-0.04585385497804265,-0.009831639222120665,-0.0655741968866604,-0.05898888677311219,-0.663110122846065,-0.4473302131111842,-0.016628350313548687,-0.2768951049711817,-0.276895104971186
6a762a92-a14a-4b6e-bbe7-a321412f23dc,ligand_22_3,True,-22.81393811141093,-17.85315875027652,4.960779361134412,0.005221801619099916,-0.03088107366775118,-0.13762125920283974,-0.30472340023373606,-0.45427107192021915,-0.7135014483905723,-1.1663469334387666,-0.36203602754134173,-0.08505748831208367,-0.04948214236657898,-0.13962206751667983,-3.359018919790459,-0.16679886741354918,-0.18840116514852612,-0.016128395040095042,0.06055645546358042,0.013504055575264025,-0.2562660488336302,1.68347800189281,-0.10006234635154047,0.04399165553470591,-0.06851754500681113,-0.04989424707733306,-0.04989424707733528,-0.049894247077335065,-0.025456600728126732,-1.7826141516881766,-0.08820866823247522,-0.09127281308484465,-0.03434412602202158,-0.0049802970998100654,0.042678418655655616,-3.522730384147644,-0.2842412831053359,-1.8067122455778293,-0.9739135249311252,-1.5076428912507258,-2.22716423858607,-1.4514071023317276,-0.15141936690558871,-0.29969315451131107,-1.1924102373597596,-0.11526668352520533,-0.0569487027259161,0.07357488158355834,-0.33765611300366694,-0.19869332863974298,-1.8421585389289397,-0.8526132528066216,-0.2679418297671955,3.5831172016573665,-0.15282329141552325,-0.04888645268749778,-0.009528239418717778,-0.08889290366162823,-0.11341591761399036,-1.7426457917192493,-0.045309008963517125,-0.0761845687607943,0.41076703360745237,0.4107670336074502
131e1120-c551-4a0b-8575-864bf508351e,ligand_21_2,True,-39.54503430423258,-29.642263503244116,9.902770800988467,0.0002017112806030556,-0.335048178282342,-0.17515220848807614,-4.989602700580866,-0.48706411099866104,-0.6831556251744846,-0.8359268722657561,-0.17084646593071684,-0.04168385072135137,-0.030822079688655926,-0.16576642282641219,-0.15439321121577285,-0.15780615035316256,-0.2532080640034623,-0.016479599860762837,-0.0007194880884926711,-0.036657809241739524,-0.07093408991590301,-1.198252693006492,-0.13691571599397048,-1.4376696581093535,-0.02357488535772958,-0.06081879366482172,-0.060818793664823026,-0.06081879366482362,-0.04717825978066463,-0.048601226537541696,-0.08729475128874294,-0.09918282471892409,-0.027191376425941917,-0.004457877223883462,-0.028761729346481902,-3.4762452492823273,-0.2914741914524746,-1.2985215921734299,-1.2152946205148096,-1.3401089836152824,-2.570604377945582,-8.63911849127947,-0.1745463175587344,-0.3291350178406027,-0.042378477039898804,-0.21844822892899649,-0.15159813705140215,0.08106833890326907,-0.196494492291735,-0.16494547071499963,0.5941116129639232,-0.876124770790686,-0.2759642112554429,-3.456114749810815,-0.109342879713889,-0.055982247902117,-0.014498792417758559,-0.08598192803504483,-0.08999845658420871,-1.4885389016880588,-2.2986925927909776,-0.10132117216345413,0.3339313449413193,0.3339313449413193
0f232e8b-ed68-4a3c-adf3-1d5a246c4901,ligand_21_3,True,-19.457849122142473,-6.169513131211462,13.288335990931012,0.0021794505181187184,-0.08430042504747533,-0.05054669139652988,1.8955412724412437,-0.4398740372780648,-0.7957270308195142,1.6739280678336552,-0.45365530663320003,-0.13680994264363527,-0.04853127874479292,-0.11136996935260388,-3.1756164521859818,-0.15614091669711821,-0.19521895260297487,-0.016009986733556445,0.005873443597035974,-0.03647661212722209,-0.13442650426822556,-1.2188634634323496,-0.12063797991651344,2.102740137974163,-0.029379467756451377,-0.06169798415110689,-0.06169798415110884,-0.06169798415110824,-0.028810783453726375,-1.894851244647954,-0.10505585399176438,-0.10449234001196289,-0.03628282722390208,-0.005143778574652012,0.0029367223589271264,-3.934805393215303,-0.08912283661459669,-1.9428119101349788,1.2465671298887266,-1.597880191741286,-1.6168908808767586,-1.70301584406008,-0.17333414088577598,-0.2334050261528348,-0.5400112090090256,-0.07523889434981192,-0.007870384203487898,0.15937583896502047,-0.3488897004088064,-0.30639242207452955,-1.5143782726284118,-1.0869291293359062,-0.32271560358091067,0.6891747400521028,-0.09005405044986738,-0.0703014907909578,-0.012259204077774427,-0.09445838693234325,-0.12010656088903625,-1.9510665874253295,-0.5909823821010899,-0.10278808843328198,0.4264292312970125,0.4264292312970103
793be5be-4b9b-49a8-9e5f-f52054d9128d,ligand_26_2,True,-27.7588446543423,-12.887206925981932,14.871637728360371,0.0021330061033763767,0.02045566601202452,-0.17042546542988987,0.543769135987215,-0.5238627074147287,-0.948658530491207,-1.37535616660542,-0.3954796244502052,-0.07703798619591583,-0.049299042281513286,-0.14830876512755828,-3.0485272098441616,-0.14141037132047887,-0.12605070250182832,-0.014117584285272556,-0.00297591632494964,-0.04006139751821428,-0.09288056323382055,-0.8504852730753552,-0.12740856503035292,-0.5900280247575943,-0.022384935388436864,-0.03519458062486319,-0.035194580624865274,-0.03519458062486449,-0.016925265806515592,-1.6566980258646848,-0.08769489328570056,-0.07580973550385418,-0.034508066010553645,-0.005582577972581369,-0.15119616392461563,-2.403319526608508,0.04752797059924596,-1.0763956400332675,-1.6890406506441902,-1.111229451247579,-0.5905851250628147,-0.7276444368447534,-0.11963468415215242,-0.34802294743676554,-1.0008362164131674,-0.06726552471272448,-0.03370649890132461,0.05024300578779699,-0.5465781960267267,-0.19531380243357077,-2.4760520851887455,-1.0564320311665834,-0.2669946452269611,-2.070388346966754,-0.1767983207908994,-0.042806070893166515,-0.009792857347866137,-0.08972449317130335,-0.09282858005052214,-1.573116638000339,-0.4861640552930662,-0.07854799657443778,0.3925013419380544,0.3925013419380501
08e4e593-fc76-42be-993d-bc331bf95fcd,ligand_1oiu_1,True,-45.07721050181863,-31.66203480577479,13.415175696043832,0.0012282820076183424,-0.14655643052186632,-0.16776417154547626,-4.8250056050904595,-0.5525499527842764,-0.8394720166174142,-0.7066651705392135,-0.16068054651088143,-0.03736694789666101,-0.03214320932248321,-0.1677149411522102,0.08954803505702769,-0.15631238172623538,-0.23070177157472194,-0.014254470824728341,0.0002533425547889327,-0.041065036788247876,-0.06817391016884493,-1.1885280721898708,-0.13483407914927822,-1.0951657837875122,-0.023368125634227035,-0.05823752334761849,-0.05823752334762012,-0.058237523347620695,-0.04273644842791121,-0.3417258980744031,-0.07559250185970587,-0.09644189617617648,-0.02605942172699799,-0.004323190168998488,-0.005613795954746206,-3.495661854213001,-0.40519272760800223,-1.268870662182208,-1.2932856149507714,-2.528696886293806,-4.06812209249183,-11.134348101431877,-0.17136313122447527,-0.4281065914179481,0.05067727590975749,-0.32612402027969034,-0.24852155953250052,0.06425408007740488,-0.15852323190643752,-0.1598753705676024,-0.5960442938907832,-0.7689395382068146,-0.25176844159227746,-2.7503607227278164,-0.15940153609365826,-0.054567684506770624,-0.012008742459161028,-0.06565837135926993,-0.08984477197285645,-1.484588330081919,-2.30698781576325,-0.09608838209358007,0.1976536518397106,0.19765365183970188
d536c5dc-5114-483d-9ba5-4461437d38b2,ligand_1oiu_2,True,-43.81520948251233,-31.097982495693852,12.717226986818476,0.05027014073272109,1.5453958910073637,-0.3182867797747515,-2.451699773821469,-0.7891995909436366,-0.8825189954385708,-0.44368068183476106,-0.0401878327107051,-0.03779116551484321,-0.033345479184413364,-0.18747747865002365,-2.623320166760317,-0.2251803625755776,-0.5617152843290555,-0.021798294616130434,-0.004275544285301797,-0.09042564592002762,-0.14307923817244095,-2.1293173840229835,-0.12566015974341754,-0.4345513451156611,-0.012302889937534188,-0.013709519058780529,-0.013709519058781495,-0.013709519058780605,-0.0054621413678579665,-0.9937232321296802,-0.08055060653169134,-0.051598512572024864,-0.032004418758297466,-0.004006933548183195,0.47612692774158893,-1.0054874825278997,-4.052447044300522,-4.29840288314052,-6.921089353274082,-4.202726946605484,-3.541450384000927,-2.9145023709931928,-0.2667441315012253,-0.12522597874929972,0.1914664931708587,-0.22737479489255727,-0.10622523149323486,0.020652800044806983,-0.06691930486129695,-0.0881296892299883,-0.7456524440847088,-0.4519847635831016,-0.19122149801495958,-1.5450420452385576,-0.21180783682261645,-0.04418203615646018,-0.007034573913619416,-0.048039099969657995,-0.05851086362365741,-0.6867669832952878,-0.4630008523170455,-0.017284068291490408,-0.5237902894464012,-0.5237902894463968
4a3c233e-2399-4b4e-a5a5-809288161b58,ligand_1oiu_3,True,-35.296585596488455,-29.67334506669563,5.6232405297928265,0.01331077070167117,-0.10906437670309357,-0.04844010714855079,-2.7553986859561816,-0.7764431026077832,-0.15137257964438464,-1.0737149381063282,-0.42537505149025956,-0.2167603395971412,-0.04140341943936429,-0.15364446150086322,-0.24893438886133384,-0.12988637582240586,-0.10078867194910754,-0.010648075436470882,0.0003923383182260011,-0.02624427192876096,-0.06514251221263298,-1.1038603831316032,-0.13255448612488788,-0.7411054891339698,-0.025849551653545595,-0.07333972499232931,-0.07333972499233055,-0.07333972499233087,-0.053572632500979496,0.1197527591652726,-0.0877615277548841,-0.11173091838821729,-0.029433756711360223,-0.004895278936921643,-0.04874904643607318,-3.515210083438136,-0.14057933882270285,-0.6569848222391931,-0.9047395752497476,-0.9990324775552929,0.19630766043659625,-4.320447579116053,-0.12144268335710837,-1.7812834534248765,-0.7906250686927545,-0.06812497787955488,-0.03533528366238736,0.07198325589441855,-0.5871602932924433,-0.2322693241584997,-3.3615537395909802,-1.0018830390659816,-0.280159021053899,-3.971371572683195,-0.1352451756131744,-0.0528261055844657,-0.013252029663581502,-0.0923860340124955,-0.09354034607631898,-1.9078733297821997,-2.632622990656575,-0.12719112469415583,0.5088003462575946,0.5088003462575881
b1e4bb9d-d283-407b-bfb5-177cc0c5fcac,ligand_1h1r_1,True,-35.41360924819202,-23.746665505026844,11.66694374316517,-0.0041535686780394074,-0.08856412818266624,-0.11896269628656714,-3.847000139729135,-0.5832194763714756,-0.7415629193410775,-0.81680090161079,-0.1917264226364223,-0.0715991812905456,-0.033609989390797325,-0.1613006621805301,4.429183757867426,-0.15802710743775542,-0.21676704813012643,-0.01839986571906195,0.003115423557368574,-0.039650937138755386,-0.1058494526688565,-1.2731402673018453,-0.14003228337438464,-1.4832702331717154,-0.025750787689414457,-0.04713142425862792,-0.04713142425862851,-0.047131424258629935,-0.042389931786995176,0.24515970744928703,-0.07994932840793745,-0.08883014344480276,-0.028042518513945305,-0.004618759056230159,-0.06907134569464336,-3.1011972382786204,-0.31223073165724036,-2.1026462601389935,-0.19450852263685947,-1.2944224804293312,-2.2499750048718203,-8.358978538400601,-0.10219055897772292,-0.39722789880845366,-1.2263083922521172,-0.14535724924391724,-0.11467056342740607,0.041547341109160286,-0.16091026669980324,-0.1503033957854015,-1.110443568824022,-0.7736311657405697,-0.2493497065018564,-3.145504660451087,-0.12534527478222374,-0.03868616121151855,-0.01215957217503101,-0.09879638074705241,-0.08584237813258931,-1.8523879431658152,-2.693589313992396,-0.08549388002084633,0.3116129985942016,0.31161299859419944
e2dcbd36-92e0-41ad-ac33-e544a3c950dd,ligand_1h1r_2,True,-12.210714380802756,-1.0262461166683516,11.184468264134404,-0.0019933033678913225,-0.06310113663944239,-0.06022891057028327,0.9414886844811949,-0.46645669628510034,-0.8292703923518583,1.2594171208511993,-0.4498590080115262,-0.12181756912407407,-0.05178189516178004,-0.1297312571430079,-0.6806595584175308,-0.1960506553998661,-0.1865200625743427,-0.016946052416730573,-0.00872362957338664,-0.05050013947604608,-0.08743630173111197,-1.443237439013641,-0.16970247449714762,-2.5896464867972866,-0.02126845259443959,-0.11795258598837087,-0.11795258598837007,-0.11795258598837127,-0.07936192232078602,3.941209705805404,-0.11744935324189927,-0.13766426169195484,-0.03159635184822053,-0.005380740349492166,0.0032357563317196823,-2.430496962200585,-0.381424912921941,-1.8422841309740468,-0.4504832814226849,-0.7379896015335475,-1.1886165933760386,-1.0846305629705892,-0.07650207692328856,-0.22928477084361262,-0.3110743061138541,-0.042072877047805095,-0.02084675447275535,0.15276967627116417,-0.32913586455632415,-0.29110597663706955,-1.4716092888951533,-0.9997243961841761,-0.30879577389824636,-1.6448855180091981,-0.05711250002990145,-0.06445984398071584,-0.02050992131668837,-0.12114697442008272,-0.13837736767462938,-2.3512808481661676,5.730530362665595,-0.21628894345377744,0.460508084688832,0.460508084688832
841743dd-56dc-45b3-b930-493f03a494de,ligand_1h1r_3,True,-24.634055980526288,-22.61488839439175,2.019167586134538,0.004208759859041023,-0.019910486691244345,-0.12900973496425744,-0.2888906034347334,-0.44643781138418576,-0.7394788405785869,-0.33677680088341866,-0.4002319405537795,-0.09747961744934108,-0.04692276478439569,-0.12796216200372054,-2.948518208862218,-0.14491604479441927,-0.16520904253733734,-0.013647048823011673,0.02764049989214326,-0.0014351230464597822,-0.14297099489152806,0.6479103537242364,-0.10629223658868649,0.019379972559835385,-0.04479682307178762,-0.042848111159519364,-0.042848111159521265,-0.04284811115952085,-0.01769987788493768,-1.3869171906948554,-0.0650924296653131,-0.07728997030081892,-0.02542682593123162,-0.003851822801707185,-0.032002526887953145,-3.1219469503102517,-0.2992285081188336,-1.020659997937613,-1.099529035064604,-1.410642050700007,-2.2112803800929344,-1.5272431638895452,-0.13959218363144973,-0.34715121237616275,-1.1451548821928235,-0.12425538888299517,-0.0723260735354336,0.11573321002976987,-0.40621990435981475,-0.2608221929958538,-2.0155418927313242,-0.729679483559731,-0.2906539034609723,0.47849541078370644,-0.11578533179315938,-0.05223663014801677,-0.010139127610434454,-0.07690135994594526,-0.09798564094031183,-1.5697776261480911,-0.40550736467955384,-0.07004079012242348,0.31529407542082805,0.3152940754208258
8cfcc388-18d5-47e1-a4ed-34e0fa0d212c,ligand_17_1,True,-39.86454566141356,-28.677244229125574,11.187301432287986,-0.003044671147129833,-0.07555720931084098,-0.1355826733010914,-4.765768961234169,-0.6146756562504606,-0.6980939948292543,-0.7826865450388594,-0.2074428754035711,-0.08659347688838148,-0.03326140184775958,-0.15674261635209163,3.1873257213145623,-0.17104322998215307,-0.23592720473710121,-0.020184361445105596,-0.004307604823414304,-0.055361114942655214,-0.11243881522672004,-1.7833624215944945,-0.14964275461784743,-1.5191588092601653,-0.021142124812594528,-0.048290032771873694,-0.048290032771874554,-0.0482900327718757,-0.04619095339501491,0.49572114372073245,-0.0837214923606065,-0.09138752448923475,-0.029776551880759245,-0.004706396066250817,-0.06996518639743189,-3.157302186604104,-0.35940864815821993,-3.067667278021669,-1.6957902176305346,-1.4411058460826938,-2.2145188048926068,-7.159261641049192,-0.11029762268269988,-0.35442493104812073,-1.0776182290527099,-0.13050668991429434,-0.09537694377870803,0.03234637406602313,-0.1520372202301155,-0.1381574268495851,-1.5438930686285177,-0.7562114425147926,-0.24014413773538454,-3.3378106279873476,-0.13576929518650716,-0.034287526210131744,-0.012975924494089767,-0.10460432721494209,-0.08827097099147387,-1.896410487591419,-2.664190573938309,-0.08701806612856623,0.28887898002630735,0.28887898002630735
998ee890-b4f1-4a6a-b537-0b5fa9c2d126,ligand_17_2,True,-43.093824848549005,-38.17916042204794,4.914664426501063,0.002928472992624669,-0.10047791406460484,-0.14657805321585113,-4.625366330273276,-0.5327101026687224,-0.836938140006827,-0.7236325944573019,-0.15823885540778407,-0.03399493409504845,-0.03169143499734332,-0.16528912448698987,0.2275351301077406,-0.15009928565156877,-0.18930518775039154,-0.014126344870152326,-0.000688293416583351,-0.03497295900506822,-0.06702576287835436,-1.2003324389245262,-0.13583331100712753,-1.446957996823295,-0.02333793880318352,-0.05791826768734395,-0.05791826768734566,-0.05791826768734626,-0.04517956944768876,-0.3817566698947767,-0.08281806373202533,-0.09640755881425656,-0.026469390350313426,-0.004371087813582934,-0.023623612350405547,-3.535866377033061,-0.3008572358019484,-1.100421460511359,-1.2983084183365114,-1.820388093446076,-3.2434196028284865,-10.507912544915865,-0.17830314930157531,-0.34453016828733884,-0.509647306140494,-0.26595137273091635,-0.1926930770427787,0.06792244157083899,-0.16002600836634018,-0.16122576018162846,-0.4262711692604266,-0.7726865434263964,-0.2559393938450073,-3.225103274660209,-0.13174010376843928,-0.050486610803300795,-0.013161346539515723,-0.07983307569787071,-0.08845047293689093,-1.4756777587965089,-2.2626938061794353,-0.09715965492564706,0.27926032540642004,0.27926032540642437
24669166-2fcc-4486-a593-af0aadc753d8,ligand_17_3,True,-25.931894553735226,-23.606138725282932,2.3257558284522934,0.00408093184466781,-0.01936329614746807,-0.13452575294314864,-0.532308010007675,-0.45520856335681276,-0.7580126245069797,-0.5838454754506367,-0.39028924795950554,-0.09444712925803508,-0.04732249275501487,-0.12331938719446028,-3.4637355942734844,-0.15436244354323328,-0.17462217050788797,-0.014709759822234904,0.03530022249048924,0.0016046034211794887,-0.17157628511850054,0.587775828634103,-0.10841684432440662,0.3862244522576892,-0.05295461602725843,-0.04587001066803966,-0.04587001066804176,-0.045870010668040966,-0.018663681220732458,-1.432940385408267,-0.0681511058259121,-0.08007111256007346,-0.027140112837745294,-0.004096460771431126,-0.03263126559978315,-3.1814131491851967,-0.36353152388828436,-1.1966739998538458,-1.2818414358062307,-1.4276824890274666,-2.238495153158666,-1.4639922932111793,-0.13918045274137278,-0.34498463556998205,-1.1074925427120061,-0.12290439675355329,-0.07120914695528942,0.0885663370936212,-0.3819718796590109,-0.22646010480955622,-2.072147651263587,-0.8431087399743658,-0.2756645258942555,0.6263319774731081,-0.13049157485933008,-0.04512807742064104,-0.011007716817733559,-0.08237418304479274,-0.09890548717258131,-1.6557465177612058,-0.3974381412154075,-0.0805734921518488,0.32948212669100885,0.3294821266910067
3ffb9134-c54d-4c79-a869-92a5dd9e1404,ligand_1oi9_1,True,-39.891299343177685,-34.81199021688519,5.079309126292492,-0.0011375913645395596,-0.060788175484969995,-0.13133935054655715,-4.3825493760733165,-0.4822568513841338,-0.7240923968775422,-0.8188734587324227,-0.17334190520567724,-0.04295241552129581,-0.030711820758097662,-0.16232055622524214,-0.8656618002001698,-0.1456570213496154,-0.23045701372597877,-0.01388908335497026,-0.0008891865483206576,-0.03991195720468249,-0.06477002994409392,-1.0948192909259211,-0.12700654814385803,-1.2980042695188525,-0.022674229368317613,-0.06415419567771885,-0.06415419567772072,-0.06415419567772099,-0.044158946540846004,0.340594209586135,-0.08272987207111922,-0.09657054507833748,-0.026010378882554964,-0.0044144262603471075,-0.11816524381011341,-3.5137482608606323,-0.005190710908660018,-1.7829250267988517,-3.1051334766531613,-0.7669405779782577,-2.265567313135599,-8.86901555968111,-0.20446853360996747,-0.2824702886546174,0.1739149249568565,-0.205415308660333,-0.12549813333882884,0.08294647943230976,-0.1787028942687309,-0.17027454403255582,0.2204538948500925,-0.8471096734496213,-0.2737208902056044,-3.253490421009007,-0.11160470743438812,-0.05635517735086589,-0.01659202303418349,-0.08484505746896778,-0.0883780449811681,-1.4118836887149735,-2.111255098172521,-0.1162487575199565,0.30812082202724567,0.30812082202725
291dd8fd-96c9-4ba5-9d98-3d69b9e8eb99,ligand_1oi9_2,True,-8.468976932098983,4.651709645900496,13.120686577999479,0.009665931339110898,-0.06372186796903974,-0.05172681325499342,-3.20894130924062,-0.36515176820610723,-0.903264210986651,-0.6578611012011202,-0.27568970408401017,-0.01832359691224503,-0.04937452222965857,-0.14050894185496407,9.728788910803724,-0.19665602773011556,-0.2124432019224806,-0.01618892655168109,-0.02577267696150185,-0.082331464087679,-0.08800933640467666,-1.4856165842147517,-0.22882124443259355,0.06054943994804959,-0.02333550156702638,-0.07206822493764123,-0.07206822493763963,-0.07206822493764008,-0.05928817045446617,0.7230187354587639,-0.1028189277306743,-0.1100781318321384,-0.03209439787499114,-0.0045735666081205524,-0.22562417070377452,-3.7927443993333823,-0.46186574329996316,-0.7685856131865362,2.197761991345905,-0.3554639740871153,-0.9124797580215251,-1.192127354485776,0.00548627278887266,-0.09383065249800777,-0.1705439671104508,-0.015447922452176405,-0.03232946926423684,0.023861755034720017,-0.2566563530289031,-0.11459341097312559,-1.528685435849299,-0.4718857217124586,-0.23372644974046983,-4.973293401445802,-0.0892264361189874,-0.01824954125380311,-0.011085868261594262,-0.09847152830722955,-0.14668971927782049,-2.4328125210683353,5.908334757371311,-0.10484606691472519,-0.0031912893343128347,-0.003191289334309569
5ae43ee3-92a7-4ea0-b224-7ed1f0954fa5,ligand_1oi9_3,True,-34.42397491737896,-20.025692577096155,14.398282340282805,0.010099185421763827,-0.09535059763454663,-0.027276735351867237,-2.988490106198952,-0.45394513374562534,-0.8511557450526015,-1.543562774346786,-0.2672684532646471,-0.07051678621989615,-0.04346638138933473,-0.12273318172372503,-1.5487250211501833,-0.15298077189663442,-0.15235906294742627,-0.013213856515601191,-0.0037992962569660554,-0.03466170565305865,-0.06296707571052403,-1.16432532859021,-0.15192897797762636,-0.7882275710180551,-0.025993826001237893,-0.03484843727062946,-0.034848437270630764,-0.03484843727063031,-0.01283264655685777,-0.8601529926799126,-0.0481640687201821,-0.0654397158034063,-0.019334835483728906,-0.003242914368700223,0.05422778144649273,-2.2717506702968673,-0.4605185865915465,-0.8316309165012378,2.496614399552263,-0.44147525150232236,-2.0540364880289834,-4.786138115398101,-0.06941240426120786,-0.3756195169200083,-0.6501683296765588,-0.08291181572850392,-0.07225555687942455,0.07325054345447375,-0.4036713264650345,-0.23101450583096123,-2.6847231937799534,-1.1281288885462009,-0.30471923152975533,-5.034082031762208,-0.08613382412944731,-0.042640835118815376,-0.010554367657307514,-0.06881330249270155,-0.08629406439616084,-1.6795737790814482,-2.3769144414560386,-0.08280679450543049,0.4672411426762177,0.4672411426762155
c22d3a0a-f0bd-49d6-a674-bea56b9d2148,ligand_20_1,True,-41.11064904847394,-30.51880973563894,10.591839312834999,0.0017975665977637743,-0.04684994066867063,-0.13814257180185613,-3.282114852864464,-0.4975844533987176,-0.7811131623522597,-0.8800375025325006,-0.1343507883864631,-0.019799246598567213,-0.03239619350832368,-0.14641070388183305,0.274400222670507,-0.16631145340835643,-0.20705466789615212,-0.018876957202262835,0.004887768736647643,-0.03523838427165085,-0.12029906623325543,-1.4260996835089692,-0.14285213025425667,-1.7706118550107046,-0.0261886322267872,-0.04423400692672174,-0.04423400692672384,-0.044234006926724176,-0.029779027135612625,-1.2366005936390354,-0.08168473138036908,-0.08349933911121622,-0.03026570523028396,-0.004886315690587841,-0.42150320763317795,-2.9276348976203113,-0.15487899383470666,-2.8367240354525864,-1.1998019617158528,-0.950772299294612,-2.1715526840830015,-8.043956612648453,-0.018649009537889175,-0.3830865716608712,-1.12423223634295,-0.09262194915204794,-0.10428846693771612,0.062118714072841086,-0.23945375455687495,-0.18542149910339978,-0.4778487940246343,-0.968306028013581,-0.277406106635707,-3.1826401304259497,-0.14763192399736572,-0.0610685035165467,-0.015223339041792943,-0.11543350779674817,-0.08392550007636113,-1.5125397200560804,-2.2554911984132415,-0.08484780372856839,0.027418696861288405,0.02741869686129276
577d4d09-7804-46c0-879f-35c212a4f274,ligand_1h1q_1,True,-10.8683688069587,-0.9880488801939207,9.880319926764779,-0.00803773269381789,-0.0024121557747468565,-0.11629374435785314,1.8490381924253327,-0.490032842349785,-0.7399332793748836,0.14879545346666098,-0.42164269520051284,-0.1074301190661953,-0.04874553527446819,-0.1534316133855532,5.410889060028538,-0.19276164562393458,-0.20143956892421405,-0.016408446743181884,-0.0055684921241314364,-0.04879539041265954,-0.10227886677738782,-1.448897289465898,-0.21714640922397893,-2.920798951023877,-0.027296069564518768,-0.03498342976352348,-0.03498342976352345,-0.034983429763526204,-0.008035831636895974,-0.3006614723470293,-0.07716649779787739,-0.08187394980386938,-0.028914442361091895,-0.004364414824239039,-0.00950042930128168,-2.881340041984385,-0.44718540231765525,-1.8228537624580063,-0.5951797341051519,-0.5681133273301173,-0.905304138803231,-0.8362709582115679,-0.06222638181598794,-0.2234027456268163,-0.3046995192635892,-0.03488697237933437,-0.019277032305035,0.10031473125886131,-0.3657134207462996,-0.21626369279133004,-1.7130702830050195,-0.7242329100069298,-0.2712809259095246,-1.660801542963782,-0.06953276181822042,-0.04707963496435933,-0.01372435706171089,-0.08942163560572929,-0.13787838795556887,2.5635579417481016,0.26408715229356183,-0.053775443309946096,0.3716409246419221,0.3716409246419243
6eb1d45f-b21b-4c00-932c-85747f3657a6,ligand_1oiy_1,True,-20.45867006678764,0.2249104022828319,20.683580469070474,-0.02711205361252743,2.276804960296936,-0.17275696060476461,-4.352196713556446,-0.39586273465020605,-0.3638610267395995,-0.6116540022956829,-0.13177518933329743,-0.051300942217495434,-0.034194930096521234,-0.1890457062131999,-0.04283345417842196,-0.17655701637665627,-0.9339305636976473,-0.017026453882123926,-0.002387118442002201,-0.060058814106996664,-0.0704867618794659,-1.3069699198877804,-0.13914361729288172,-0.7421901353336787,-0.023013602496221093,-0.0660878578328026,-0.0660878578327992,-0.06608785783280152,-0.04818609509799515,10.101825321272386,-0.0989662799011458,-0.10361114099335669,-0.031276276705533186,-0.00569352119229857,0.0207591323613935,-2.7354487382100947,-0.5636640024832997,-2.447414435588447,-0.8641559344875349,-3.7673368196586368,-3.33200043165511,-5.864212484036421,-0.15049959701480767,-0.26865768131452866,6.297796380364516,-0.3061668261478305,-0.2488729346267789,-0.0367700911686803,-0.14473900324618288,-0.001023801408124347,-0.38332966504335564,-1.1041555019517006,-0.17551985613931329,-2.850532785269777,-0.17185284135860038,-0.01176000724859299,-0.01667920695230694,-0.09592816580231779,-0.08366996199094184,-1.4943038675769877,-1.881030126530471,-0.1100132261490541,0.14211836812964795,0.14211836812964576
868024e0-b553-483b-8034-93cae5cf1a2c,ligand_1oiu,True,,,,,,,,,,,,,,,,,,,,,,,,,,,,,,,,,,,,,,,,,,,,,,,,,,,,,,,,,,,,,,,,
90faf1c9-633b-4c6c-9240-b7d84c0e0186,ligand_31,True,,,,,,,,,,,,,,,,,,,,,,,,,,,,,,,,,,,,,,,,,,,,,,,,,,,,,,,,,,,,,,,,
22ae8413-024c-484f-a992-4e18d9a8170d,ligand_1oiy,True,,,,,,,,,,,,,,,,,,,,,,,,,,,,,,,,,,,,,,,,,,,,,,,,,,,,,,,,,,,,,,,,
4eced796-35b5-4b27-a1ae-18256ce2d291,ligand_20,True,,,,,,,,,,,,,,,,,,,,,,,,,,,,,,,,,,,,,,,,,,,,,,,,,,,,,,,,,,,,,,,,
4086ce77-8c8e-4ada-92b0-69fd96ac8547,ligand_21,True,,,,,,,,,,,,,,,,,,,,,,,,,,,,,,,,,,,,,,,,,,,,,,,,,,,,,,,,,,,,,,,,
68eb1024-cd5a-41ca-9b56-57461948201b,ligand_26,True,,,,,,,,,,,,,,,,,,,,,,,,,,,,,,,,,,,,,,,,,,,,,,,,,,,,,,,,,,,,,,,,
d2cecc7e-5095-4df1-b5db-8275c3023bff,ligand_1oi9,True,,,,,,,,,,,,,,,,,,,,,,,,,,,,,,,,,,,,,,,,,,,,,,,,,,,,,,,,,,,,,,,,
8ff848c0-a2fe-48de-9331-e2d463654f87,ligand_1h1q,True,,,,,,,,,,,,,,,,,,,,,,,,,,,,,,,,,,,,,,,,,,,,,,,,,,,,,,,,,,,,,,,,
9267e2c6-37ed-4b7d-a9ee-435dc650e858,ligand_1h1r,True,,,,,,,,,,,,,,,,,,,,,,,,,,,,,,,,,,,,,,,,,,,,,,,,,,,,,,,,,,,,,,,,
3e74651e-3b5f-4482-8f1f-6b077aac54de,ligand_17,True,,,,,,,,,,,,,,,,,,,,,,,,,,,,,,,,,,,,,,,,,,,,,,,,,,,,,,,,,,,,,,,,
a5ed2f6d-637e-443f-82ce-86397497dc49,ligand_22,True,,,,,,,,,,,,,,,,,,,,,,,,,,,,,,,,,,,,,,,,,,,,,,,,,,,,,,,,,,,,,,,,
1e3f493f-eb36-4d60-bccf-dde73632e00a,ligand_29,True,,,,,,,,,,,,,,,,,,,,,,,,,,,,,,,,,,,,,,,,,,,,,,,,,,,,,,,,,,,,,,,,
25abfc87-813e-42f8-9bc4-e0655263f545,ligand_32,True,,,,,,,,,,,,,,,,,,,,,,,,,,,,,,,,,,,,,,,,,,,,,,,,,,,,,,,,,,,,,,,,
6977b865-fa20-477c-9528-5e59831b03ef,ligand_28,True,,,,,,,,,,,,,,,,,,,,,,,,,,,,,,,,,,,,,,,,,,,,,,,,,,,,,,,,,,,,,,,,
661a7d28-a849-4d2f-beb1-b74f2d2cc695,ligand_30,True,,,,,,,,,,,,,,,,,,,,,,,,,,,,,,,,,,,,,,,,,,,,,,,,,,,,,,,,,,,,,,,,
2b02d6dd-c98f-442a-a401-0f450fd9b39f,ligand_1h1s,True,,,,,,,,,,,,,,,,,,,,,,,,,,,,,,,,,,,,,,,,,,,,,,,,,,,,,,,,,,,,,,,,
f3f3a5cd-823f-43a1-81f1-8cde9a376c28,ligand_1h1s,True,199.43137280916014,206.30841193859456,6.87703912943443,0.005486314800931012,-0.16906216551456832,-0.14640870762225436,-7.022580314431029,-1.869482663599749,-1.0868770286801588,-1.2007456707599526,-0.24391291383602368,-0.12734788926272766,-0.039309841798473855,-0.15552282352275362,-3.0374762498890795,-0.20614240959754015,-0.32330552902001375,-0.02094281328470124,-0.0035519309323830657,-0.08186665863204426,-0.16152390768194086,-2.179667486795058,-0.13045298738097055,-0.4727742546684014,-0.013331524827187701,-0.015991468227095053,-0.015991468227056913,-0.015991468227082844,-0.005734141401621629,0.03071235640428689,-0.10769696800252995,-0.06340275761182858,-0.036580234874508996,-0.004315625092296236,0.8434311516048997,-0.18234411881072177,-4.9809747598792935,-4.6594081152702875,-6.533246615382973,-2.8631397868427935,-2.825553271758256,-10.004232330297251,-0.5812973070021801,0.10101795406767053,260.7927532345518,-1.006339972633441,-0.6563576547199653,0.06287882081423479,-0.15917058012807,-0.13961291147859756,-0.7963129631642258,-0.8757223732481653,-0.2269039285154957,-4.667234609128666,-0.18316818242262972,-0.04928011878987658,-0.008773628216370686,-0.05979779928800641,-0.06182792643013149,-0.638211813927,-0.7049076068928113,-0.018740238225177182,-0.2821792536144965,-0.28217925361451385
135e419a-27a6-42ed-884d-a0f8441c8fe4,ligand_31,True,203.4892612042321,209.51365134534106,6.0243901411089835,0.020685695196954547,-0.3511106647994582,-0.19433009019900696,-5.761992174965644,-1.8887599133456887,-1.0758130854038293,-1.172121633394465,-0.2303827029150303,-0.14623629448045622,-0.040678234696865934,-0.15941087090336062,-3.4146334616770257,-0.21884377693373105,-0.44861038093300204,-0.02457147435221868,-0.004901476554703006,-0.08838941416149426,-0.15519946533323534,-2.1658904910249857,-0.1269570851025458,-0.4863321349956053,-0.012601202790518906,-0.017595179636138793,-0.017595179636100813,-0.017595179636125925,0.004234225329769682,5.079481451905352,-0.13112411400682483,-0.06440699536021365,-0.037299683344537746,-0.004633240931684489,0.5458590171696343,-0.9719095537552603,-4.035693042568184,-1.4595430852335316,-6.14576494472286,-2.459766980673501,-2.492441958607881,-1.4646296876952722,-0.370264975423527,0.1966789918664014,243.87886831268673,-0.5163815149253599,-0.31160715165343983,0.05611204510265566,-0.15664472988204728,-0.11747780516221719,-0.8125709901990685,-0.8436708114264715,-0.20006941495141042,-3.556464017182991,-0.13469660513630724,-0.039720314157959936,-0.011181873346075042,-0.07897327606778708,-0.06835624535816025,-0.7232137008553402,-0.6360057765300641,-0.018257324263032546,-0.10466857686594076,-0.10466857686594076
087d24b6-e375-4e81-91ab-bc215ef71d9c,ligand_1oiy,True,53.089603306606385,58.887063826110804,5.797460519504417,-0.0049462492336889196,-0.1934118703954648,-0.12650434712454509,-5.627744949951431,-1.8448232170465617,-1.0606553788383577,-1.1453778590708084,-0.23870262115635907,-0.1385696871055387,-0.04057586897633495,-0.15407990106186326,-3.321617020852301,-0.21099816955108944,-0.4320080953593241,-0.021923032597506335,-0.004756854426770144,-0.08577128607091672,-0.14984638885680834,-2.16710268762442,-0.1245247809164301,-0.47662098333961683,-0.012655267216806501,-0.017036081337921807,-0.0170360813379064,-0.01703608133791604,0.0036738391335401827,3.519878758184426,-0.12407801424385993,-0.062203033288600836,-0.036865574551796725,-0.004711787825273149,0.5924974262109524,-0.9377431315215489,-4.281746672981573,-3.617675262662266,-6.671945656483887,-2.3460942964119806,-2.4659596082167234,-3.4872636651378444,-0.3300801535456918,0.08658881710778277,99.55331338997658,-0.37770561525590735,-0.194880985721137,0.061373066875501425,-0.1465350962093073,-0.12784644751442192,-0.7163337803016865,-0.8647585281345469,-0.21224718315904734,-3.8225264163520336,-0.132232879317527,-0.041101469458159984,-0.009247079555244335,-0.07444245213546169,-0.0657917424558891,-0.7073473176242887,-0.633094806439445,-0.01862538037494684,-0.2911565966075481,-0.29115659660756554
fbb84db5-e7fb-4b84-a8b5-30b01ff94050,ligand_20,True,-57.55647595848128,-52.7536438098302,4.802832148651081,0.011188346503700947,-0.19230062890184738,-0.1606783898948305,-6.290895719478478,-1.8342643133793237,-1.0599570015853264,-1.2008726849266445,-0.2438771025308468,-0.1282408130686733,-0.038286142130382145,-0.15978118976357464,-3.032901540678159,-0.2038670920319194,-0.3940292957993873,-0.02190086953298422,-0.002830594016824716,-0.08533829340916461,-0.1660275323682072,-2.1881424623399064,-0.1282526524052374,-0.5105876926081422,-0.013789612859784766,-0.016046430610311826,-0.016046430610312877,-0.01604643061031117,-0.007709236856457615,0.03548460739764172,-0.1167451758059665,-0.06357905755220847,-0.03791809512128076,-0.00474442208350289,0.6522035753740596,-0.12251845430516381,-4.791729516740657,-4.227011276919246,-5.557208877837499,-1.9649775622213683,-2.8620309972839144,-7.384119676654679,-0.1592540872744814,-0.34192382697014073,-2.0981191008252376,-0.21603643691403923,-0.1476310582375381,0.06359202736436861,-0.1706549810852984,-0.1392386975937353,-0.7846751154899031,-0.8626930333896272,-0.22608722176721158,-4.651490248996276,-0.14746251354726506,-0.04420301890767672,-0.00976455571314596,-0.07117917405760357,-0.06074761538815558,-0.6355543857264964,-0.667952802033082,-0.01796861219294062,-0.8105273820443483,-0.8105273820443526
e8756a9e-5012-47ea-b0a7-486cd454b2cb,ligand_21,True,-47.48909218754492,-42.003057451783555,5.486034735761367,0.014123889081443406,-0.18773546504885433,-0.15125857705456047,-5.905637812375274,-1.8779727102291204,-1.0878263686502843,-1.2074785465437243,-0.24372788488000144,-0.12855299926281621,-0.03925400229071856,-0.15802784557398397,-3.062777220376287,-0.2068512012767218,-0.36600889503493145,-0.021674345764624854,-0.003485591400886396,-0.08434671407572363,-0.16468527492127633,-2.1896531802643304,-0.13034488007291034,-0.4947726291023794,-0.013463964805392525,-0.01594806337742358,-0.01594806337742366,-0.01594806337742204,-0.00705859674355106,0.03175285537134363,-0.11509009026091632,-0.06344931946600281,-0.03741871889689025,-0.004458021700795171,0.6502672313912002,-0.13197832133398263,-4.809084768703118,-4.8655533724219,-5.394051671129689,-1.849141029939061,-2.1455624753504026,1.3869387608270503,-0.1817061394938448,-0.14921864141248936,-2.049184027090049,-0.1040671095410896,-0.024684854781259587,0.06366510393470307,-0.1713763346678605,-0.13521740777623367,-0.8506831963734216,-0.8847390056951522,-0.22238598853339628,-4.747132399869544,-0.1305227936053662,-0.043507475048439444,-0.010186504190807452,-0.06982615380939239,-0.06160833093264153,-0.6399614860691919,-0.6877955322852379,-0.018192782839823656,-0.6288085895259815,-0.6288085895259858
45903a63-0cca-4856-b4af-5868cceac433,ligand_26,True,-55.80630039452613,-50.407323244932364,5.398977149593768,0.010904571174659507,-0.2296240767876875,-0.15115003604388516,-6.287785614393076,-1.8183231380633498,-1.0578456183868499,-1.1995754642041976,-0.24449320406501032,-0.12717821793916997,-0.03775179464916816,-0.1573593543600464,-3.027196608864243,-0.19964245916351678,-0.341068031605426,-0.021802056979468368,-0.002304697981178031,-0.08197764023801035,-0.16620417663589834,-2.180288751959236,-0.12732941299189315,-0.510559001883821,-0.013745576672785871,-0.0159365523572133,-0.01593655235721431,-0.015936552357212277,-0.008241850729024159,0.03785303922559431,-0.11740307186660763,-0.0633492141253339,-0.037719579468126395,-0.0046588394819090445,0.678649492049247,-0.1469206727693465,-4.763732435625991,-4.885480258038865,-5.893775241753555,-2.2146694007656507,-3.104891860719977,-1.6529667345253432,-0.26965471613905695,0.012505457336201554,-5.979257966551801,-0.2195925111295837,-0.08067195309206622,0.06329497619302898,-0.1768750695151209,-0.12648270679195375,-0.7077316181511809,-0.8494373040321436,-0.2094691558327733,-4.497875986294221,-0.14158754762619558,-0.04373245872387691,-0.010625485533167153,-0.07130993041629563,-0.060696289620373094,-0.63305726010952,-0.6610506613861296,-0.01734217288795733,-0.46411669293107116,-0.46411669293107555
2f5fb138-3d35-4f1d-a04c-92f137e2d3d4,ligand_1oi9,True,-54.48055591659723,-49.668066140604395,4.812489775992836,0.010323034441293993,-0.22249445390621922,-0.14264927075134423,-6.21734580552001,-1.8174475277296456,-1.0597084056771964,-1.1980690796355256,-0.24505005048209919,-0.12772626711709423,-0.037607721760850595,-0.15700860183225002,-3.0268677116419633,-0.19843420385452834,-0.3258968723517026,-0.021598302405063573,-0.002165446046266839,-0.08084515396296114,-0.16595489470267882,-2.17922202444944,-0.1270740580636994,-0.5089787913166713,-0.013799925636792255,-0.01593047151488638,-0.015930471514887353,-0.015930471514885403,-0.008163033401600092,0.038485095294726886,-0.11692545355494623,-0.06335270046161653,-0.03761116012827371,-0.004675786396676205,0.6822500030310289,-0.14032562131761747,-4.772342187746252,-4.860229325650046,-5.890753855993214,-2.0880619637002384,-2.2404388471024737,-1.528094369215478,-0.2668059106501852,0.029584711631697236,-5.923123623757511,-0.2253285470316827,-0.09523757885964937,0.06335625244931221,-0.17599658556703354,-0.12533002316975958,-0.70608400639162,-0.8485449451706942,-0.20736492663778816,-4.484230174253829,-0.1282635000625975,-0.042405643119391455,-0.01034719463336694,-0.07015908043330361,-0.06060511405350986,-0.6324861470100874,-0.6622322969050295,-0.017383897177061656,-0.47395776525202954,-0.4739577652520382
d4ea5a3a-aa82-423a-a0c6-d7e5cdf01230,ligand_1h1q,True,-50.20484261776715,-45.06461316024642,5.140229457520733,0.006627605561426055,-0.17406439958814118,-0.1342536370562843,-6.255837380121909,-1.8112492088789518,-1.0610737299657975,-1.1977212052682251,-0.24567926597717252,-0.12670303140797823,-0.0379300367092228,-0.1553117658592752,-3.021622823094286,-0.19597689433582607,-0.3312212983284212,-0.021125182138945556,-0.0026858269534599253,-0.07983990421103616,-0.16383879799176657,-2.1770695115094014,-0.12690347591169893,-0.5051806602221919,-0.013614200813742369,-0.01585584081199694,-0.015855840811997254,-0.015855840811995762,-0.007803564177017223,0.03696634098192483,-0.1176291586943678,-0.06321881825975588,-0.0376558317404065,-0.004626960766947487,0.728775921533962,-0.15606793711800526,-4.820547862143514,-4.789079573375437,-6.07502546885414,-2.097985835620356,-2.3229432926092657,-1.7335807050502374,-0.23162638037760142,-0.04636853465028353,-1.1066398734961598,-0.09611839798828542,0.011335006716980102,0.0634274246811538,-0.16880937520229874,-0.1259675325914303,-0.7081046256335283,-0.8500197907886309,-0.21021528073174858,-4.553347339157312,-0.13303828105345805,-0.04261722313581578,-0.010201497228881645,-0.07236039395216409,-0.06021953774206422,-0.6334346039771842,-0.6679116413551206,-0.017594578310135854,-0.6023726313406399,-0.6023726313406399
58704bf8-db80-466f-a280-c5f577de26a5,ligand_1h1r,True,-51.285361183327375,-45.78788917187936,5.497472011448016,0.004035986167269076,-0.21525631910575085,-0.1470007249560877,-6.569606924086626,-1.81862094287185,-1.06294758618503,-1.1986552139158926,-0.24490293719699593,-0.12590363968900328,-0.03828828548496782,-0.15511232082272675,-3.0245714496346268,-0.20406961799624068,-0.4419372378827041,-0.021482828951391177,-0.0035117031729775035,-0.08424753820582949,-0.16311024640703672,-2.1807605767736518,-0.12872305294297154,-0.49526804736637503,-0.013283569137450718,-0.015844774665349982,-0.01584477466535041,-0.01584477466534886,-0.006978692828858542,0.03525971225461376,-0.11474687025010007,-0.06318782820756763,-0.03721783402805219,-0.004471369448620745,0.7613156837833722,-0.20550907152688247,-4.836730503677809,-4.904821214336929,-6.414295537603977,-1.9301770155687088,-2.4117775890999904,-1.8937726414359801,-0.2533506303712462,-0.023623502834990324,-1.0713753816042078,-0.10065990736191477,0.018425639979027627,0.06378333072484597,-0.1639194631217145,-0.12764104668198933,-0.7153264829227924,-0.8534310685642197,-0.21267358272180692,-4.57230937163042,-0.14624548400731885,-0.04574766978427428,-0.009294320561937623,-0.06762805970267645,-0.06030392303737332,-0.6337853599578175,-0.6774867052715218,-0.01784462536025176,-0.6035268479711354,-0.6035268479711354
4b3b50a1-ead5-4acb-8f7d-c999e5c1e3ea,ligand_17,True,-53.14822593650865,-47.674824972013944,5.473400964494705,0.005063722487758394,-0.37359818131834704,-0.15547238556158113,-6.767546056227584,-1.820239558538059,-1.0628210165412355,-1.1994090727644802,-0.24441212509722618,-0.12583913182151188,-0.038237095034086906,-0.15555452251890747,-3.0268172771907755,-0.2067563908731218,-0.49531759836976225,-0.021976545693503408,-0.0036569525185879965,-0.08611256412595869,-0.16392938298112442,-2.182110554838614,-0.12911391981124423,-0.4958383217157724,-0.013325749354184704,-0.015847567514423126,-0.015847567514423417,-0.015847567514421956,-0.006999111697854377,0.03518127627999761,-0.11497290037716756,-0.06321707569086887,-0.037330793931828046,-0.004484935153100576,0.7621407641153007,-0.1848549502792602,-4.857003187894459,-5.075865997834868,-6.390065467329289,-2.9288384224545987,-2.6042295657538737,-1.8605586706766646,-0.24939198047798428,-0.04010245557635667,-1.1310814715150679,-0.10931578631790248,0.00858231729617271,0.063549854275643,-0.16441105302493395,-0.1274516265048528,-0.7157120717567103,-0.8539667092523049,-0.2126950473004984,-4.575187071760216,-0.1483400472641623,-0.04601462541840669,-0.009307315835208437,-0.06794998662086003,-0.06041437863686219,-0.6339012940082983,-0.6768594046981727,-0.017826990988844015,-0.6193831847465309,-0.6193831847465352
4a5a168b-a5f5-4d7b-9ac1-ef884b8a7b79,ligand_22,True,93.01730343116682,98.22075066898505,5.203447237818226,0.01710856252038791,-0.18573933620302976,-0.14522640916085894,-6.074878591664858,-2.0148667036982904,0.2101217116319662,-1.3775889260131338,-0.24797577267152768,-0.1694787124402648,-0.04431589807629006,-0.17690516911941215,-3.2522013214886307,-0.19488011007384495,-0.27172364621570183,-0.02011448775993296,-0.004437153506481669,-0.0711731430387836,-0.12796077193799613,-1.9798227292478692,-0.11770908130014388,-0.4859307310943823,-0.012485632222543381,-0.016164661918625173,-0.016164661918615673,-0.016164661918627556,0.00510513584111182,1.3468442382689982,-0.10391890449559708,-0.05618001713404339,-0.0322375793040891,-0.004147183862316617,0.2918380316822609,-1.4199460448345584,-3.491595403020448,-3.887152906319257,-6.447133445999436,-1.9317337128079917,-3.114574514416903,67.76608571787999,0.1309930466697555,-0.9844206055762946,0.006476027337558167,-0.3032021681850778,-0.41935724476631403,-0.005979057774072634,-0.31510422709616764,0.006509510021412766,-1.0848193168802698,-1.2340840389455552,-0.27864294062890615,69.62272459616094,-0.24090464171637674,0.0005321985359045768,-0.011831403757707047,-0.08559841383668089,-0.07262566760606941,-0.7445070459429874,-0.6961059072115905,-0.01929017288888136,-1.1890172338423461,-1.1890172338423461
e8d5fd40-e94d-4c6f-abd0-431fdbee8a1a,ligand_29,True,18.93290102787766,25.711332051166,6.77843102328834,0.00015202971411157055,-0.49363944188330466,-0.26670033710962326,-7.606261233741385,-1.6075102966842616,-1.1912067249624823,-1.1270321833343264,-0.22047377193314274,-0.08376608034376117,-0.03448938294747184,-0.15409421857124633,-2.75505152036771,-0.21836266238372742,-0.38011862634580373,-0.024567378718765596,0.002241839062439725,-0.08406927179216567,-0.20377863392492385,-1.8144840889600704,-0.1378449637330467,-0.5287921268798893,-0.016697781748592454,-0.01671850415505991,-0.01671850415504924,-0.016718504155054797,-0.011393172964786228,-0.5730393445449772,-0.11543985610539796,-0.07114119869145057,-0.040023941912563664,-0.004575705767921243,0.9053368619032195,1.6328625238777534,-5.265361048180824,-5.240655572646003,-4.135389229794477,-1.9434594509995948,-2.2710040691397606,-1.199895832953869,-0.5245385903729558,0.351774511692791,66.31495840942843,-0.9166676250296761,-0.5989451329394507,0.07064844299327525,-0.20583703586972052,-0.13310889506504972,-0.0769108006537501,-0.8478148393226341,-0.22559548707139637,-4.999583288276513,-0.18289962230202592,-0.05121572623225441,-0.011221132082634613,-0.06110615545760231,-0.06212211883466916,-0.6350119261370807,-0.715855377126356,-0.018012330194740966,-0.10407642264642526,-0.10407642264643614
92920b70-6eca-4248-b90e-8f23bab0d8df,ligand_32,True,293.41280982211833,303.2185118549654,9.805702032847122,0.005574794690603862,-0.1697791836457922,-0.15425558817534543,-7.206348516581879,-1.8865819712550813,-1.0923334596435608,-1.2040229748935813,-0.24459055154922443,-0.12858325816693086,-0.03988112268841189,-0.1573797331079262,-3.0560636045891147,-0.21152707921646807,-0.33322291092958967,-0.021097485635252305,-0.0038288300184623806,-0.08440339107259752,-0.16147380632956249,-2.1874751103504364,-0.1324386002005336,-0.4652668542436333,-0.013348489056035178,-0.016257401791093574,-0.01625740179104631,-0.01625740179108095,-0.00508202307572631,0.02108084468169141,-0.10394902018154323,-0.06378230761282622,-0.03643595481615591,-0.004178733986950383,0.8025924268265016,-0.21623546674111782,-4.93189445941888,-4.7610800987800435,-6.619791720174678,-2.760265455175968,-3.5864191109582855,25.10849829952034,-0.47222015650344545,0.03181330182239026,289.8443025644208,-0.9869393832365639,-0.7173296192970963,0.06702323045436223,-0.17294084611243715,-0.16906327444933836,-1.0519757661456683,-0.9580501471330538,-0.31782836903187583,27.208915626698023,-0.23458540298900535,-0.05383073891812801,-0.008970007820035772,-0.06142694102819243,-0.06614547692061548,-0.6656484829631057,-0.7240107923464058,-0.01963024234450976,-0.4523032710550914,-0.4523032710551088
d558e4a0-7450-4487-96ca-46296d4bef0a,ligand_28,True,222.705944728358,229.61571002663507,6.909765298277097,0.03146649468973917,-0.16529438940742552,-0.20975256769550651,-7.2639659294146,-1.9996062647978918,-1.116892844459002,-1.2163711573793143,-0.23141416625250094,-0.13054566484251343,-0.040202616632610655,-0.1590875141689634,-3.057720256722693,-0.21192150463090711,-0.33566828051564723,-0.021468631349784533,-0.0035756346729052782,-0.08240423626376829,-0.16240906392796026,-2.1821944478724564,-0.13156485721568228,-0.47617384482564623,-0.013458982199765586,-0.016026539092969486,-0.016026539092927786,-0.016026539092956184,-0.0059775424573304215,0.030115114074215056,-0.10886405712614922,-0.06359312197707725,-0.036753984967182914,-0.0043365983553313656,0.8407847808444662,-0.1807718831772309,-4.976548411141586,-4.6654019923648455,-6.534927704358491,-2.863259886699721,-2.8463881548291035,-9.896180785908937,-0.5746815352415205,0.044727270602676894,284.57012935793466,-0.978960801822401,-0.6382225486646843,0.06272644707699956,-0.16011920708904961,-0.14194552098648375,-0.8233806675457513,-0.880955415177643,-0.22926910951335153,-4.683492789680317,-0.18284517578124174,-0.049030738978778764,-0.009140164795387873,-0.06214630580264017,-0.06222728534687839,-0.6398284911603325,-0.7059095774411073,-0.018785652282482274,-0.29514357683199555,-0.29514357683199555
28b22091-40fe-4a02-98c0-d683dba3cab1,ligand_30,True,155.94498026708263,161.82303279141453,5.878052524331921,-0.0163806654279574,-0.13286230998463489,-0.12355104638279481,-5.450655398085469,-1.0945382802427672,-1.1736468758921343,-0.1800556135863775,-0.244731874626436,-0.05122195276159272,-0.047919631100339706,-0.17530801435905088,-3.3700435662014976,-0.21566521870516225,-0.3242556342736773,-0.022254294555420086,0.008362762644486018,-0.07216797158638708,-0.241137879954028,-1.3691213530041735,-0.15793334314360302,-0.7869247490870348,-0.02379144703995992,-0.023856647811096577,-0.023856647811066667,-0.02385664781108132,-0.02836850596638572,0.8995383064083359,-0.19104429961004357,-0.11570692143823194,-0.05974303344072758,-0.007092958731681737,1.6801331192917077,22.428445261617682,0.13742513547590188,-5.340952831269411,-2.555400991681625,-1.7487504138761576,-4.246679904726106,2.5706804253998525,0.07834272524534469,-0.08737776043351894,171.89290233196286,-0.10687847681312758,-0.1289260863548558,0.0393320215422667,-0.17660654590566324,-0.1171179983510967,-1.0722314465633633,-0.042394903767475726,-0.22083063167984698,-5.025562743545435,-0.19552024279660807,-0.04376250175528637,-0.011196667632132014,-0.07330027684448459,-0.07299899756706522,-0.9273441532424963,-1.6759309784253842,-0.02602209152743272,-2.0733511975627237,-2.0733511975627152
c9ccade6-dfef-4f5d-a726-4bcae94c7979,ligand_1oiu,True,-57.88027323641291,-51.389602068217286,6.490671168195626,-0.002779141448373813,-0.22275226775186777,-0.1789628027957989,-7.022023013580591,-1.830609683938788,-1.0605699603319774,-1.1987256718543373,-0.24410844380157015,-0.1264202526333083,-0.03928820858759556,-0.15725775553971988,-3.030786921145791,-0.21887664669782633,-0.7109979573577764,-0.02181104890431864,-0.004372396143849067,-0.0958511285559577,-0.16211395259806563,-2.1876951559193407,-0.1315368776216413,-0.49120885098559885,-0.01341016487071841,-0.016123761563512657,-0.016123761563512508,-0.016123761563511075,-0.006400276355144279,0.03367210977720226,-0.11200601304691606,-0.06372284414055823,-0.037943163247169294,-0.004685758612840336,0.8137703969634378,0.09623780919047706,-5.210409283239364,-5.247788326283357,-5.993509649215827,-4.951704881851692,-4.329127858676204,-1.6849727111793913,-0.1684042075468159,-0.22572797651215348,-1.099396626829527,-0.17565134809471197,-0.09452283981196996,0.0647217803648296,-0.1565010759596403,-0.13215660472799368,-0.7238247438159224,-0.8554583116912117,-0.21765151445348951,-4.596610924010313,-0.16993190793668136,-0.052666787891217995,-0.007737145410191796,-0.0598247919843755,-0.0605218339508303,-0.6346335330070263,-0.6856559047234366,-0.018464489496755082,-0.9552662056253857,-0.95526620562539
